<?xml version="1.0" encoding="UTF-8"?>
<config xmlns="http://www.knime.org/2008/09/XMLConfig" xmlns:xsi="http://www.w3.org/2001/XMLSchema-instance" xsi:schemaLocation="http://www.knime.org/2008/09/XMLConfig http://www.knime.org/XMLConfig_2008_09.xsd" key="model.xml">
    <entry key="version" type="xint" value="1"/>
    <entry key="class_name" type="xstring" value="org.knime.base.data.normalize.NormalizerPortObject"/>
    <config key="model">
        <config key="columns">
            <config key="Growth Temperature (ﾂｰC)">
                <entry key="column_name" type="xstring" value="Growth Temperature (%%65410%%65392C)"/>
                <entry key="column_scale" type="xdouble" value="0.0033333333333333335"/>
                <entry key="column_translate" type="xdouble" value="-2.0"/>
                <entry key="column_min" type="xdouble" value="0.0"/>
                <entry key="column_max" type="xdouble" value="1.0"/>
            </config>
            <config key="TDMAT Pressure (Torr)">
                <entry key="column_name" type="xstring" value="TDMAT Pressure (Torr)"/>
                <entry key="column_scale" type="xdouble" value="0.22222222222222218"/>
                <entry key="column_translate" type="xdouble" value="-0.3777777777777777"/>
                <entry key="column_min" type="xdouble" value="0.0"/>
                <entry key="column_max" type="xdouble" value="1.0"/>
            </config>
            <config key="N2 Gas Flow (sccm)">
                <entry key="column_name" type="xstring" value="N2 Gas Flow (sccm)"/>
                <entry key="column_scale" type="xdouble" value="0.2222222222222222"/>
                <entry key="column_translate" type="xdouble" value="0.0"/>
                <entry key="column_min" type="xdouble" value="0.0"/>
                <entry key="column_max" type="xdouble" value="1.0"/>
            </config>
            <config key="N2 Plasma RF Power (W)">
                <entry key="column_name" type="xstring" value="N2 Plasma RF Power (W)"/>
                <entry key="column_scale" type="xdouble" value="0.002"/>
                <entry key="column_translate" type="xdouble" value="0.0"/>
                <entry key="column_min" type="xdouble" value="0.0"/>
                <entry key="column_max" type="xdouble" value="1.0"/>
            </config>
        </config>
        <entry key="summary" type="xstring" value="Min/Max (0.0, 1) normalization on 4 column(s)"/>
    </config>
</config>
