<?xml version="1.0" encoding="UTF-8"?>
<config xmlns="http://www.knime.org/2008/09/XMLConfig" xmlns:xsi="http://www.w3.org/2001/XMLSchema-instance" xsi:schemaLocation="http://www.knime.org/2008/09/XMLConfig http://www.knime.org/XMLConfig_2008_09.xsd" key="model.xml">
    <entry key="version" type="xint" value="1"/>
    <entry key="class_name" type="xstring" value="org.knime.base.node.mine.transformation.port.TransformationPortObjectSpec"/>
    <config key="model">
        <entry key="transformation_type" type="xbyte" value="0"/>
        <config key="input_column_names">
            <entry key="array-size" type="xint" value="15"/>
            <entry key="0" type="xstring" value="a0.25_rp1.0"/>
            <entry key="1" type="xstring" value="a0.25_rp1.5"/>
            <entry key="2" type="xstring" value="a0.25_rp2.0"/>
            <entry key="3" type="xstring" value="a0.25_rp2.5"/>
            <entry key="4" type="xstring" value="a0.25_rp3.0"/>
            <entry key="5" type="xstring" value="a0.5_rp1.0"/>
            <entry key="6" type="xstring" value="a0.5_rp1.5"/>
            <entry key="7" type="xstring" value="a0.5_rp2.0"/>
            <entry key="8" type="xstring" value="a0.5_rp2.5"/>
            <entry key="9" type="xstring" value="a0.5_rp3.0"/>
            <entry key="10" type="xstring" value="a1.0_rp1.0"/>
            <entry key="11" type="xstring" value="a1.0_rp1.5"/>
            <entry key="12" type="xstring" value="a1.0_rp2.0"/>
            <entry key="13" type="xstring" value="a1.0_rp2.5"/>
            <entry key="14" type="xstring" value="a1.0_rp3.0"/>
        </config>
        <entry key="max_dim_to_reduce_to" type="xint" value="15"/>
    </config>
</config>
