<?xml version="1.0" encoding="UTF-8"?>
<config xmlns="http://www.knime.org/2008/09/XMLConfig" xmlns:xsi="http://www.w3.org/2001/XMLSchema-instance" xsi:schemaLocation="http://www.knime.org/2008/09/XMLConfig http://www.knime.org/XMLConfig_2008_09.xsd" key="MiningSchema">
    <config key="learning">
        <entry key="array-size" type="xint" value="18"/>
        <entry key="0" type="xstring" value="ZA"/>
        <entry key="1" type="xstring" value="ZB"/>
        <entry key="2" type="xstring" value="IP_A"/>
        <entry key="3" type="xstring" value="EA_A"/>
        <entry key="4" type="xstring" value="EN_A"/>
        <entry key="5" type="xstring" value="Highest_occ_A"/>
        <entry key="6" type="xstring" value="Lowest_unocc_A"/>
        <entry key="7" type="xstring" value="rs_A"/>
        <entry key="8" type="xstring" value="rp_A"/>
        <entry key="9" type="xstring" value="rd_A"/>
        <entry key="10" type="xstring" value="IP_B"/>
        <entry key="11" type="xstring" value="EA_B"/>
        <entry key="12" type="xstring" value="EN_B"/>
        <entry key="13" type="xstring" value="Highest_occ_B"/>
        <entry key="14" type="xstring" value="Lowest_unocc_B"/>
        <entry key="15" type="xstring" value="rs_B"/>
        <entry key="16" type="xstring" value="rp_B"/>
        <entry key="17" type="xstring" value="rd_B"/>
    </config>
    <config key="target">
        <entry key="array-size" type="xint" value="1"/>
        <entry key="0" type="xstring" value="dE"/>
    </config>
</config>
