<?xml version="1.0" encoding="UTF-8"?>
<config xmlns="http://www.knime.org/2008/09/XMLConfig" xmlns:xsi="http://www.w3.org/2001/XMLSchema-instance" xsi:schemaLocation="http://www.knime.org/2008/09/XMLConfig http://www.knime.org/XMLConfig_2008_09.xsd" key="model.xml">
    <entry key="version" type="xint" value="1"/>
    <entry key="class_name" type="xstring" value="org.knime.base.data.normalize.NormalizerPortObject"/>
    <config key="model">
        <config key="columns">
            <config key="x1">
                <entry key="column_name" type="xstring" value="x1"/>
                <entry key="column_scale" type="xdouble" value="0.2"/>
                <entry key="column_translate" type="xdouble" value="0.0"/>
                <entry key="column_min" type="xdouble" value="0.0"/>
                <entry key="column_max" type="xdouble" value="1.0"/>
            </config>
            <config key="x2">
                <entry key="column_name" type="xstring" value="x2"/>
                <entry key="column_scale" type="xdouble" value="0.04"/>
                <entry key="column_translate" type="xdouble" value="0.0"/>
                <entry key="column_min" type="xdouble" value="0.0"/>
                <entry key="column_max" type="xdouble" value="1.0"/>
            </config>
            <config key="x3">
                <entry key="column_name" type="xstring" value="x3"/>
                <entry key="column_scale" type="xdouble" value="0.008"/>
                <entry key="column_translate" type="xdouble" value="0.0"/>
                <entry key="column_min" type="xdouble" value="0.0"/>
                <entry key="column_max" type="xdouble" value="1.0"/>
            </config>
            <config key="x4">
                <entry key="column_name" type="xstring" value="x4"/>
                <entry key="column_scale" type="xdouble" value="0.0016"/>
                <entry key="column_translate" type="xdouble" value="0.0"/>
                <entry key="column_min" type="xdouble" value="0.0"/>
                <entry key="column_max" type="xdouble" value="1.0"/>
            </config>
            <config key="x5">
                <entry key="column_name" type="xstring" value="x5"/>
                <entry key="column_scale" type="xdouble" value="3.2E-4"/>
                <entry key="column_translate" type="xdouble" value="0.0"/>
                <entry key="column_min" type="xdouble" value="0.0"/>
                <entry key="column_max" type="xdouble" value="1.0"/>
            </config>
            <config key="sinx">
                <entry key="column_name" type="xstring" value="sinx"/>
                <entry key="column_scale" type="xdouble" value="0.5002447705658554"/>
                <entry key="column_translate" type="xdouble" value="0.5001590628209636"/>
                <entry key="column_min" type="xdouble" value="0.0"/>
                <entry key="column_max" type="xdouble" value="1.0"/>
            </config>
            <config key="y">
                <entry key="column_name" type="xstring" value="y"/>
                <entry key="column_scale" type="xdouble" value="0.5002309349648696"/>
                <entry key="column_translate" type="xdouble" value="0.5007453096704132"/>
                <entry key="column_min" type="xdouble" value="0.0"/>
                <entry key="column_max" type="xdouble" value="1.0"/>
            </config>
        </config>
        <entry key="summary" type="xstring" value="Min/Max (0.0, 1) normalization on 7 column(s)"/>
    </config>
</config>
