<?xml version="1.0" encoding="UTF-8"?>
<config xmlns="http://www.knime.org/2008/09/XMLConfig" xmlns:xsi="http://www.w3.org/2001/XMLSchema-instance" xsi:schemaLocation="http://www.knime.org/2008/09/XMLConfig http://www.knime.org/XMLConfig_2008_09.xsd" key="model.xml">
    <entry key="version" type="xint" value="1"/>
    <entry key="class_name" type="xstring" value="org.knime.base.data.normalize.NormalizerPortObject"/>
    <config key="model">
        <config key="columns">
            <config key="a0.70_rp2.40">
                <entry key="column_name" type="xstring" value="a0.70_rp2.40"/>
                <entry key="column_scale" type="xdouble" value="1.2729289758152673"/>
                <entry key="column_translate" type="xdouble" value="-9.09475992474513"/>
                <entry key="column_min" type="xdouble" value="NaN"/>
                <entry key="column_max" type="xdouble" value="NaN"/>
            </config>
            <config key="a0.70_rp3.00">
                <entry key="column_name" type="xstring" value="a0.70_rp3.00"/>
                <entry key="column_scale" type="xdouble" value="5.807410481367039"/>
                <entry key="column_translate" type="xdouble" value="-35.48022792240842"/>
                <entry key="column_min" type="xdouble" value="NaN"/>
                <entry key="column_max" type="xdouble" value="NaN"/>
            </config>
            <config key="a0.70_rp3.60">
                <entry key="column_name" type="xstring" value="a0.70_rp3.60"/>
                <entry key="column_scale" type="xdouble" value="1.2012092151560725"/>
                <entry key="column_translate" type="xdouble" value="-4.914947445566245"/>
                <entry key="column_min" type="xdouble" value="NaN"/>
                <entry key="column_max" type="xdouble" value="NaN"/>
            </config>
            <config key="a0.70_rp4.20">
                <entry key="column_name" type="xstring" value="a0.70_rp4.20"/>
                <entry key="column_scale" type="xdouble" value="0.9134513704025166"/>
                <entry key="column_translate" type="xdouble" value="-4.3571848068407775"/>
                <entry key="column_min" type="xdouble" value="NaN"/>
                <entry key="column_max" type="xdouble" value="NaN"/>
            </config>
            <config key="a0.70_rp4.80">
                <entry key="column_name" type="xstring" value="a0.70_rp4.80"/>
                <entry key="column_scale" type="xdouble" value="2.674554644464943"/>
                <entry key="column_translate" type="xdouble" value="-9.935718162164253"/>
                <entry key="column_min" type="xdouble" value="NaN"/>
                <entry key="column_max" type="xdouble" value="NaN"/>
            </config>
            <config key="a0.70_rp5.40">
                <entry key="column_name" type="xstring" value="a0.70_rp5.40"/>
                <entry key="column_scale" type="xdouble" value="8.699857362391999"/>
                <entry key="column_translate" type="xdouble" value="-11.45730396079544"/>
                <entry key="column_min" type="xdouble" value="NaN"/>
                <entry key="column_max" type="xdouble" value="NaN"/>
            </config>
        </config>
        <entry key="summary" type="xstring" value="Z-Score (Gaussian) normalization on 6 column(s)"/>
    </config>
</config>
