<?xml version="1.0" encoding="UTF-8"?>
<config xmlns="http://www.knime.org/2008/09/XMLConfig" xmlns:xsi="http://www.w3.org/2001/XMLSchema-instance" xsi:schemaLocation="http://www.knime.org/2008/09/XMLConfig http://www.knime.org/XMLConfig_2008_09.xsd" key="MiningSchema">
    <config key="learning">
        <entry key="array-size" type="xint" value="12"/>
        <entry key="0" type="xstring" value="min_oxidation_state"/>
        <entry key="1" type="xstring" value="max_oxidation_state"/>
        <entry key="2" type="xstring" value="row"/>
        <entry key="3" type="xstring" value="group"/>
        <entry key="4" type="xstring" value="s"/>
        <entry key="5" type="xstring" value="p"/>
        <entry key="6" type="xstring" value="d"/>
        <entry key="7" type="xstring" value="f"/>
        <entry key="8" type="xstring" value="atomic_radius_calculated"/>
        <entry key="9" type="xstring" value="X"/>
        <entry key="10" type="xstring" value="IP"/>
        <entry key="11" type="xstring" value="EA"/>
    </config>
    <config key="target">
        <entry key="array-size" type="xint" value="1"/>
        <entry key="0" type="xstring" value="crystal_structure"/>
    </config>
</config>
