<?xml version="1.0" encoding="UTF-8"?>
<config xmlns="http://www.knime.org/2008/09/XMLConfig" xmlns:xsi="http://www.w3.org/2001/XMLSchema-instance" xsi:schemaLocation="http://www.knime.org/2008/09/XMLConfig http://www.knime.org/XMLConfig_2008_09.xsd" key="model.xml">
    <entry key="version" type="xint" value="1"/>
    <entry key="class_name" type="xstring" value="org.knime.base.data.normalize.NormalizerPortObject"/>
    <config key="model">
        <config key="columns">
            <config key="Hf (eV/atom)">
                <entry key="column_name" type="xstring" value="Hf (eV/atom)"/>
                <entry key="column_scale" type="xdouble" value="0.7060274699446304"/>
                <entry key="column_translate" type="xdouble" value="1.2196987454609818"/>
                <entry key="column_min" type="xdouble" value="NaN"/>
                <entry key="column_max" type="xdouble" value="NaN"/>
            </config>
            <config key="Ecoh (eV/atom)">
                <entry key="column_name" type="xstring" value="Ecoh (eV/atom)"/>
                <entry key="column_scale" type="xdouble" value="0.6095026344170625"/>
                <entry key="column_translate" type="xdouble" value="-4.0101855572860945"/>
                <entry key="column_min" type="xdouble" value="NaN"/>
                <entry key="column_max" type="xdouble" value="NaN"/>
            </config>
            <config key="(rho0 lambda) perp tau (10^-16 m^2)">
                <entry key="column_name" type="xstring" value="(rho0 lambda) perp tau (10^-16 m^2)"/>
                <entry key="column_scale" type="xdouble" value="0.07603108176188626"/>
                <entry key="column_translate" type="xdouble" value="-0.4289005696399492"/>
                <entry key="column_min" type="xdouble" value="NaN"/>
                <entry key="column_max" type="xdouble" value="NaN"/>
            </config>
            <config key="(rho0 lambda) perp lambda (10^-16 m^2)">
                <entry key="column_name" type="xstring" value="(rho0 lambda) perp lambda (10^-16 m^2)"/>
                <entry key="column_scale" type="xdouble" value="0.07530112939233481"/>
                <entry key="column_translate" type="xdouble" value="-0.45659226868922254"/>
                <entry key="column_min" type="xdouble" value="NaN"/>
                <entry key="column_max" type="xdouble" value="NaN"/>
            </config>
            <config key="n">
                <entry key="column_name" type="xstring" value="n"/>
                <entry key="column_scale" type="xdouble" value="1.30912597521344"/>
                <entry key="column_translate" type="xdouble" value="-3.8784386368472945"/>
                <entry key="column_min" type="xdouble" value="NaN"/>
                <entry key="column_max" type="xdouble" value="NaN"/>
            </config>
            <config key="adirection">
                <entry key="column_name" type="xstring" value="adirection"/>
                <entry key="column_scale" type="xdouble" value="1.991415141484634"/>
                <entry key="column_translate" type="xdouble" value="-1.023624605436027"/>
                <entry key="column_min" type="xdouble" value="NaN"/>
                <entry key="column_max" type="xdouble" value="NaN"/>
            </config>
            <config key="bdirection">
                <entry key="column_name" type="xstring" value="bdirection"/>
                <entry key="column_scale" type="xdouble" value="2.6045139321889814"/>
                <entry key="column_translate" type="xdouble" value="-0.4624837823513146"/>
                <entry key="column_min" type="xdouble" value="NaN"/>
                <entry key="column_max" type="xdouble" value="NaN"/>
            </config>
            <config key="TM_Z">
                <entry key="column_name" type="xstring" value="TM_Z"/>
                <entry key="column_scale" type="xdouble" value="0.06290619167785647"/>
                <entry key="column_translate" type="xdouble" value="-1.7942962336525041"/>
                <entry key="column_min" type="xdouble" value="NaN"/>
                <entry key="column_max" type="xdouble" value="NaN"/>
            </config>
            <config key="TM_row">
                <entry key="column_name" type="xstring" value="TM_row"/>
                <entry key="column_scale" type="xdouble" value="1.577111505808764"/>
                <entry key="column_translate" type="xdouble" value="-6.662190660051975"/>
                <entry key="column_min" type="xdouble" value="NaN"/>
                <entry key="column_max" type="xdouble" value="NaN"/>
            </config>
            <config key="TM_group">
                <entry key="column_name" type="xstring" value="TM_group"/>
                <entry key="column_scale" type="xdouble" value="1.4524968240273448"/>
                <entry key="column_translate" type="xdouble" value="-7.140311490078347"/>
                <entry key="column_min" type="xdouble" value="NaN"/>
                <entry key="column_max" type="xdouble" value="NaN"/>
            </config>
            <config key="TM_atomic_radius_calculated">
                <entry key="column_name" type="xstring" value="TM_atomic_radius_calculated"/>
                <entry key="column_scale" type="xdouble" value="10.335211556460004"/>
                <entry key="column_translate" type="xdouble" value="-18.05281345703154"/>
                <entry key="column_min" type="xdouble" value="NaN"/>
                <entry key="column_max" type="xdouble" value="NaN"/>
            </config>
            <config key="TM_mendeleev_no">
                <entry key="column_name" type="xstring" value="TM_mendeleev_no"/>
                <entry key="column_scale" type="xdouble" value="0.4686170298804001"/>
                <entry key="column_translate" type="xdouble" value="-25.081960094626645"/>
                <entry key="column_min" type="xdouble" value="NaN"/>
                <entry key="column_max" type="xdouble" value="NaN"/>
            </config>
            <config key="TM_electrical_resistivity">
                <entry key="column_name" type="xstring" value="TM_electrical_resistivity"/>
                <entry key="column_scale" type="xdouble" value="9262336.665253771"/>
                <entry key="column_translate" type="xdouble" value="-2.1716284104787036"/>
                <entry key="column_min" type="xdouble" value="NaN"/>
                <entry key="column_max" type="xdouble" value="NaN"/>
            </config>
            <config key="TM_poissons_ratio">
                <entry key="column_name" type="xstring" value="TM_poissons_ratio"/>
                <entry key="column_scale" type="xdouble" value="16.954758031539352"/>
                <entry key="column_translate" type="xdouble" value="-5.446121808822502"/>
                <entry key="column_min" type="xdouble" value="NaN"/>
                <entry key="column_max" type="xdouble" value="NaN"/>
            </config>
            <config key="TM_molar_volume">
                <entry key="column_name" type="xstring" value="TM_molar_volume"/>
                <entry key="column_scale" type="xdouble" value="0.7143529517804882"/>
                <entry key="column_translate" type="xdouble" value="-6.457950969969946"/>
                <entry key="column_min" type="xdouble" value="NaN"/>
                <entry key="column_max" type="xdouble" value="NaN"/>
            </config>
            <config key="TM_thermal_conductivity">
                <entry key="column_name" type="xstring" value="TM_thermal_conductivity"/>
                <entry key="column_scale" type="xdouble" value="0.03722936029061991"/>
                <entry key="column_translate" type="xdouble" value="-1.6290454661746019"/>
                <entry key="column_min" type="xdouble" value="NaN"/>
                <entry key="column_max" type="xdouble" value="NaN"/>
            </config>
            <config key="TM_boiling_point">
                <entry key="column_name" type="xstring" value="TM_boiling_point"/>
                <entry key="column_scale" type="xdouble" value="0.0013075639307217782"/>
                <entry key="column_translate" type="xdouble" value="-4.8797308276644635"/>
                <entry key="column_min" type="xdouble" value="NaN"/>
                <entry key="column_max" type="xdouble" value="NaN"/>
            </config>
            <config key="TM_melting_point">
                <entry key="column_name" type="xstring" value="TM_melting_point"/>
                <entry key="column_scale" type="xdouble" value="0.0025634819045359087"/>
                <entry key="column_translate" type="xdouble" value="-5.738893293236826"/>
                <entry key="column_min" type="xdouble" value="NaN"/>
                <entry key="column_max" type="xdouble" value="NaN"/>
            </config>
            <config key="TM_liquid_range">
                <entry key="column_name" type="xstring" value="TM_liquid_range"/>
                <entry key="column_scale" type="xdouble" value="0.0021742965641345143"/>
                <entry key="column_translate" type="xdouble" value="-3.2466921424114763"/>
                <entry key="column_min" type="xdouble" value="NaN"/>
                <entry key="column_max" type="xdouble" value="NaN"/>
            </config>
            <config key="TM_bulk_modulus">
                <entry key="column_name" type="xstring" value="TM_bulk_modulus"/>
                <entry key="column_scale" type="xdouble" value="0.03542294201968255"/>
                <entry key="column_translate" type="xdouble" value="-5.329994079597094"/>
                <entry key="column_min" type="xdouble" value="NaN"/>
                <entry key="column_max" type="xdouble" value="NaN"/>
            </config>
            <config key="TM_youngs_modulus">
                <entry key="column_name" type="xstring" value="TM_youngs_modulus"/>
                <entry key="column_scale" type="xdouble" value="0.016107292911441733"/>
                <entry key="column_translate" type="xdouble" value="-2.5896613079956268"/>
                <entry key="column_min" type="xdouble" value="NaN"/>
                <entry key="column_max" type="xdouble" value="NaN"/>
            </config>
            <config key="TM_brinell_hardness">
                <entry key="column_name" type="xstring" value="TM_brinell_hardness"/>
                <entry key="column_scale" type="xdouble" value="0.005458388513330551"/>
                <entry key="column_translate" type="xdouble" value="-4.194899104936428"/>
                <entry key="column_min" type="xdouble" value="NaN"/>
                <entry key="column_max" type="xdouble" value="NaN"/>
            </config>
            <config key="TM_rigidity_modulus">
                <entry key="column_name" type="xstring" value="TM_rigidity_modulus"/>
                <entry key="column_scale" type="xdouble" value="0.03658464101455884"/>
                <entry key="column_translate" type="xdouble" value="-2.2672220053041094"/>
                <entry key="column_min" type="xdouble" value="NaN"/>
                <entry key="column_max" type="xdouble" value="NaN"/>
            </config>
            <config key="TM_mineral_hardness">
                <entry key="column_name" type="xstring" value="TM_mineral_hardness"/>
                <entry key="column_scale" type="xdouble" value="1.1506496557361514"/>
                <entry key="column_translate" type="xdouble" value="-8.00615578220154"/>
                <entry key="column_min" type="xdouble" value="NaN"/>
                <entry key="column_max" type="xdouble" value="NaN"/>
            </config>
            <config key="TM_vickers_hardness">
                <entry key="column_name" type="xstring" value="TM_vickers_hardness"/>
                <entry key="column_scale" type="xdouble" value="0.005493509246545789"/>
                <entry key="column_translate" type="xdouble" value="-4.5933951894388665"/>
                <entry key="column_min" type="xdouble" value="NaN"/>
                <entry key="column_max" type="xdouble" value="NaN"/>
            </config>
            <config key="TM_density_of_solid">
                <entry key="column_name" type="xstring" value="TM_density_of_solid"/>
                <entry key="column_scale" type="xdouble" value="2.813632298901589E-4"/>
                <entry key="column_translate" type="xdouble" value="-1.9821382155037655"/>
                <entry key="column_min" type="xdouble" value="NaN"/>
                <entry key="column_max" type="xdouble" value="NaN"/>
            </config>
            <config key="TM_coefficient_of_linear_thermal_expansion">
                <entry key="column_name" type="xstring" value="TM_coefficient_of_linear_thermal_expansion"/>
                <entry key="column_scale" type="xdouble" value="677316.4166942096"/>
                <entry key="column_translate" type="xdouble" value="-5.10266134109535"/>
                <entry key="column_min" type="xdouble" value="NaN"/>
                <entry key="column_max" type="xdouble" value="NaN"/>
            </config>
            <config key="TM_ionization_energies">
                <entry key="column_name" type="xstring" value="TM_ionization_energies"/>
                <entry key="column_scale" type="xdouble" value="4.041712909007751"/>
                <entry key="column_translate" type="xdouble" value="-27.739272524461015"/>
                <entry key="column_min" type="xdouble" value="NaN"/>
                <entry key="column_max" type="xdouble" value="NaN"/>
            </config>
            <config key="TM_atomic_mass">
                <entry key="column_name" type="xstring" value="TM_atomic_mass"/>
                <entry key="column_scale" type="xdouble" value="0.024108269047418023"/>
                <entry key="column_translate" type="xdouble" value="-1.5638219992561224"/>
                <entry key="column_min" type="xdouble" value="NaN"/>
                <entry key="column_max" type="xdouble" value="NaN"/>
            </config>
            <config key="TM_atomic_radius">
                <entry key="column_name" type="xstring" value="TM_atomic_radius"/>
                <entry key="column_scale" type="xdouble" value="30.21927379763929"/>
                <entry key="column_translate" type="xdouble" value="-41.85510632532845"/>
                <entry key="column_min" type="xdouble" value="NaN"/>
                <entry key="column_max" type="xdouble" value="NaN"/>
            </config>
            <config key="TM_average_anionic_radius">
                <entry key="column_name" type="xstring" value="TM_average_anionic_radius"/>
                <entry key="column_scale" type="xdouble" value="1.0"/>
                <entry key="column_translate" type="xdouble" value="-0.0"/>
                <entry key="column_min" type="xdouble" value="NaN"/>
                <entry key="column_max" type="xdouble" value="NaN"/>
            </config>
            <config key="TM_average_cationic_radius">
                <entry key="column_name" type="xstring" value="TM_average_cationic_radius"/>
                <entry key="column_scale" type="xdouble" value="16.527933093795433"/>
                <entry key="column_translate" type="xdouble" value="-13.800051799997046"/>
                <entry key="column_min" type="xdouble" value="NaN"/>
                <entry key="column_max" type="xdouble" value="NaN"/>
            </config>
            <config key="TM_average_ionic_radius">
                <entry key="column_name" type="xstring" value="TM_average_ionic_radius"/>
                <entry key="column_scale" type="xdouble" value="16.527933093795433"/>
                <entry key="column_translate" type="xdouble" value="-13.800051799997046"/>
                <entry key="column_min" type="xdouble" value="NaN"/>
                <entry key="column_max" type="xdouble" value="NaN"/>
            </config>
            <config key="TM_electron_affinity">
                <entry key="column_name" type="xstring" value="TM_electron_affinity"/>
                <entry key="column_scale" type="xdouble" value="4.374707415116112"/>
                <entry key="column_translate" type="xdouble" value="-1.780693302616042"/>
                <entry key="column_min" type="xdouble" value="NaN"/>
                <entry key="column_max" type="xdouble" value="NaN"/>
            </config>
            <config key="A_Z">
                <entry key="column_name" type="xstring" value="A_Z"/>
                <entry key="column_scale" type="xdouble" value="0.0692091490588705"/>
                <entry key="column_translate" type="xdouble" value="-2.0833894310151577"/>
                <entry key="column_min" type="xdouble" value="NaN"/>
                <entry key="column_max" type="xdouble" value="NaN"/>
            </config>
            <config key="A_row">
                <entry key="column_name" type="xstring" value="A_row"/>
                <entry key="column_scale" type="xdouble" value="1.2358545163861172"/>
                <entry key="column_translate" type="xdouble" value="-4.85101772787074"/>
                <entry key="column_min" type="xdouble" value="NaN"/>
                <entry key="column_max" type="xdouble" value="NaN"/>
            </config>
            <config key="A_group">
                <entry key="column_name" type="xstring" value="A_group"/>
                <entry key="column_scale" type="xdouble" value="1.3950348271065074"/>
                <entry key="column_translate" type="xdouble" value="-18.761262768282844"/>
                <entry key="column_min" type="xdouble" value="NaN"/>
                <entry key="column_max" type="xdouble" value="NaN"/>
            </config>
            <config key="A_atomic_radius_calculated">
                <entry key="column_name" type="xstring" value="A_atomic_radius_calculated"/>
                <entry key="column_scale" type="xdouble" value="5.859581588158647"/>
                <entry key="column_translate" type="xdouble" value="-7.649218282560745"/>
                <entry key="column_min" type="xdouble" value="NaN"/>
                <entry key="column_max" type="xdouble" value="NaN"/>
            </config>
            <config key="A_mendeleev_no">
                <entry key="column_name" type="xstring" value="A_mendeleev_no"/>
                <entry key="column_scale" type="xdouble" value="0.3043743081657091"/>
                <entry key="column_translate" type="xdouble" value="-24.91886859375338"/>
                <entry key="column_min" type="xdouble" value="NaN"/>
                <entry key="column_max" type="xdouble" value="NaN"/>
            </config>
            <config key="A_electrical_resistivity">
                <entry key="column_name" type="xstring" value="A_electrical_resistivity"/>
                <entry key="column_scale" type="xdouble" value="2646.293886709772"/>
                <entry key="column_translate" type="xdouble" value="-0.6061182563536428"/>
                <entry key="column_min" type="xdouble" value="NaN"/>
                <entry key="column_max" type="xdouble" value="NaN"/>
            </config>
            <config key="A_molar_volume">
                <entry key="column_name" type="xstring" value="A_molar_volume"/>
                <entry key="column_scale" type="xdouble" value="0.48610649006917284"/>
                <entry key="column_translate" type="xdouble" value="-6.22911394138827"/>
                <entry key="column_min" type="xdouble" value="NaN"/>
                <entry key="column_max" type="xdouble" value="NaN"/>
            </config>
            <config key="A_thermal_conductivity">
                <entry key="column_name" type="xstring" value="A_thermal_conductivity"/>
                <entry key="column_scale" type="xdouble" value="0.013740373297372084"/>
                <entry key="column_translate" type="xdouble" value="-1.5303180241568515"/>
                <entry key="column_min" type="xdouble" value="NaN"/>
                <entry key="column_max" type="xdouble" value="NaN"/>
            </config>
            <config key="A_boiling_point">
                <entry key="column_name" type="xstring" value="A_boiling_point"/>
                <entry key="column_scale" type="xdouble" value="0.0014665225566921367"/>
                <entry key="column_translate" type="xdouble" value="-3.7479108338102005"/>
                <entry key="column_min" type="xdouble" value="NaN"/>
                <entry key="column_max" type="xdouble" value="NaN"/>
            </config>
            <config key="A_melting_point">
                <entry key="column_name" type="xstring" value="A_melting_point"/>
                <entry key="column_scale" type="xdouble" value="0.0021486319671821974"/>
                <entry key="column_translate" type="xdouble" value="-1.9018706220539883"/>
                <entry key="column_min" type="xdouble" value="NaN"/>
                <entry key="column_max" type="xdouble" value="NaN"/>
            </config>
            <config key="A_liquid_range">
                <entry key="column_name" type="xstring" value="A_liquid_range"/>
                <entry key="column_scale" type="xdouble" value="0.0017011353106620396"/>
                <entry key="column_translate" type="xdouble" value="-2.886914063728142"/>
                <entry key="column_min" type="xdouble" value="NaN"/>
                <entry key="column_max" type="xdouble" value="NaN"/>
            </config>
            <config key="A_mineral_hardness">
                <entry key="column_name" type="xstring" value="A_mineral_hardness"/>
                <entry key="column_scale" type="xdouble" value="0.4874556572734412"/>
                <entry key="column_translate" type="xdouble" value="-1.6104259331416957"/>
                <entry key="column_min" type="xdouble" value="NaN"/>
                <entry key="column_max" type="xdouble" value="NaN"/>
            </config>
            <config key="A_density_of_solid">
                <entry key="column_name" type="xstring" value="A_density_of_solid"/>
                <entry key="column_scale" type="xdouble" value="4.720264829083734E-4"/>
                <entry key="column_translate" type="xdouble" value="-2.3976033766523694"/>
                <entry key="column_min" type="xdouble" value="NaN"/>
                <entry key="column_max" type="xdouble" value="NaN"/>
            </config>
            <config key="A_ionization_energies">
                <entry key="column_name" type="xstring" value="A_ionization_energies"/>
                <entry key="column_scale" type="xdouble" value="0.7763033969258641"/>
                <entry key="column_translate" type="xdouble" value="-5.5365212473353695"/>
                <entry key="column_min" type="xdouble" value="NaN"/>
                <entry key="column_max" type="xdouble" value="NaN"/>
            </config>
            <config key="A_atomic_mass">
                <entry key="column_name" type="xstring" value="A_atomic_mass"/>
                <entry key="column_scale" type="xdouble" value="0.02806058250742866"/>
                <entry key="column_translate" type="xdouble" value="-1.9166375836893839"/>
                <entry key="column_min" type="xdouble" value="NaN"/>
                <entry key="column_max" type="xdouble" value="NaN"/>
            </config>
            <config key="A_atomic_radius">
                <entry key="column_name" type="xstring" value="A_atomic_radius"/>
                <entry key="column_scale" type="xdouble" value="6.505451215894872"/>
                <entry key="column_translate" type="xdouble" value="-8.490525815885226"/>
                <entry key="column_min" type="xdouble" value="NaN"/>
                <entry key="column_max" type="xdouble" value="NaN"/>
            </config>
            <config key="A_average_anionic_radius">
                <entry key="column_name" type="xstring" value="A_average_anionic_radius"/>
                <entry key="column_scale" type="xdouble" value="1.0"/>
                <entry key="column_translate" type="xdouble" value="-0.0"/>
                <entry key="column_min" type="xdouble" value="NaN"/>
                <entry key="column_max" type="xdouble" value="NaN"/>
            </config>
            <config key="A_average_cationic_radius">
                <entry key="column_name" type="xstring" value="A_average_cationic_radius"/>
                <entry key="column_scale" type="xdouble" value="6.72597732132439"/>
                <entry key="column_translate" type="xdouble" value="-5.079055771616921"/>
                <entry key="column_min" type="xdouble" value="NaN"/>
                <entry key="column_max" type="xdouble" value="NaN"/>
            </config>
            <config key="A_average_ionic_radius">
                <entry key="column_name" type="xstring" value="A_average_ionic_radius"/>
                <entry key="column_scale" type="xdouble" value="6.72597732132439"/>
                <entry key="column_translate" type="xdouble" value="-5.079055771616921"/>
                <entry key="column_min" type="xdouble" value="NaN"/>
                <entry key="column_max" type="xdouble" value="NaN"/>
            </config>
            <config key="A_electron_affinity">
                <entry key="column_name" type="xstring" value="A_electron_affinity"/>
                <entry key="column_scale" type="xdouble" value="1.7798825032459664"/>
                <entry key="column_translate" type="xdouble" value="-1.2062223178940839"/>
                <entry key="column_min" type="xdouble" value="NaN"/>
                <entry key="column_max" type="xdouble" value="NaN"/>
            </config>
            <config key="X_Z">
                <entry key="column_name" type="xstring" value="X_Z"/>
                <entry key="column_scale" type="xdouble" value="1.9949057929654264"/>
                <entry key="column_translate" type="xdouble" value="-12.901633726467988"/>
                <entry key="column_min" type="xdouble" value="NaN"/>
                <entry key="column_max" type="xdouble" value="NaN"/>
            </config>
            <config key="X_row">
                <entry key="column_name" type="xstring" value="X_row"/>
                <entry key="column_scale" type="xdouble" value="1.0"/>
                <entry key="column_translate" type="xdouble" value="-2.0"/>
                <entry key="column_min" type="xdouble" value="NaN"/>
                <entry key="column_max" type="xdouble" value="NaN"/>
            </config>
            <config key="X_group">
                <entry key="column_name" type="xstring" value="X_group"/>
                <entry key="column_scale" type="xdouble" value="1.9949057929654272"/>
                <entry key="column_translate" type="xdouble" value="-28.86088007019142"/>
                <entry key="column_min" type="xdouble" value="NaN"/>
                <entry key="column_max" type="xdouble" value="NaN"/>
            </config>
            <config key="X_atomic_radius_calculated">
                <entry key="column_name" type="xstring" value="X_atomic_radius_calculated"/>
                <entry key="column_scale" type="xdouble" value="18.135507208776605"/>
                <entry key="column_translate" type="xdouble" value="-11.218590861204895"/>
                <entry key="column_min" type="xdouble" value="NaN"/>
                <entry key="column_max" type="xdouble" value="NaN"/>
            </config>
            <config key="X_mendeleev_no">
                <entry key="column_name" type="xstring" value="X_mendeleev_no"/>
                <entry key="column_scale" type="xdouble" value="0.39898115859308514"/>
                <entry key="column_translate" type="xdouble" value="-38.835409035018515"/>
                <entry key="column_min" type="xdouble" value="NaN"/>
                <entry key="column_max" type="xdouble" value="NaN"/>
            </config>
            <config key="X_refractive_index">
                <entry key="column_name" type="xstring" value="X_refractive_index"/>
                <entry key="column_scale" type="xdouble" value="1.4081336745239486"/>
                <entry key="column_translate" type="xdouble" value="-2.47126012264895"/>
                <entry key="column_min" type="xdouble" value="NaN"/>
                <entry key="column_max" type="xdouble" value="NaN"/>
            </config>
            <config key="X_molar_volume">
                <entry key="column_name" type="xstring" value="X_molar_volume"/>
                <entry key="column_scale" type="xdouble" value="0.24180676278368812"/>
                <entry key="column_translate" type="xdouble" value="-2.2113567438011437"/>
                <entry key="column_min" type="xdouble" value="NaN"/>
                <entry key="column_max" type="xdouble" value="NaN"/>
            </config>
            <config key="X_thermal_conductivity">
                <entry key="column_name" type="xstring" value="X_thermal_conductivity"/>
                <entry key="column_scale" type="xdouble" value="0.014251956578598943"/>
                <entry key="column_translate" type="xdouble" value="-1.0630749523284193"/>
                <entry key="column_min" type="xdouble" value="NaN"/>
                <entry key="column_max" type="xdouble" value="NaN"/>
            </config>
            <config key="X_boiling_point">
                <entry key="column_name" type="xstring" value="X_boiling_point"/>
                <entry key="column_scale" type="xdouble" value="4.7243094200912845E-4"/>
                <entry key="column_translate" type="xdouble" value="-1.0992540819638197"/>
                <entry key="column_min" type="xdouble" value="NaN"/>
                <entry key="column_max" type="xdouble" value="NaN"/>
            </config>
            <config key="X_melting_point">
                <entry key="column_name" type="xstring" value="X_melting_point"/>
                <entry key="column_scale" type="xdouble" value="5.338326156264939E-4"/>
                <entry key="column_translate" type="xdouble" value="-1.0963649707052439"/>
                <entry key="column_min" type="xdouble" value="NaN"/>
                <entry key="column_max" type="xdouble" value="NaN"/>
            </config>
            <config key="X_liquid_range">
                <entry key="column_name" type="xstring" value="X_liquid_range"/>
                <entry key="column_scale" type="xdouble" value="0.0041073643537347425"/>
                <entry key="column_translate" type="xdouble" value="-1.121483208191938"/>
                <entry key="column_min" type="xdouble" value="NaN"/>
                <entry key="column_max" type="xdouble" value="NaN"/>
            </config>
            <config key="X_ionization_energies">
                <entry key="column_name" type="xstring" value="X_ionization_energies"/>
                <entry key="column_scale" type="xdouble" value="0.6093469974926787"/>
                <entry key="column_translate" type="xdouble" value="-7.79362165237827"/>
                <entry key="column_min" type="xdouble" value="NaN"/>
                <entry key="column_max" type="xdouble" value="NaN"/>
            </config>
            <config key="X_atomic_mass">
                <entry key="column_name" type="xstring" value="X_atomic_mass"/>
                <entry key="column_scale" type="xdouble" value="0.9994518000828789"/>
                <entry key="column_translate" type="xdouble" value="-12.936314703930863"/>
                <entry key="column_min" type="xdouble" value="NaN"/>
                <entry key="column_max" type="xdouble" value="NaN"/>
            </config>
            <config key="X_atomic_radius">
                <entry key="column_name" type="xstring" value="X_atomic_radius"/>
                <entry key="column_scale" type="xdouble" value="39.898115859308575"/>
                <entry key="column_translate" type="xdouble" value="-26.99648213284057"/>
                <entry key="column_min" type="xdouble" value="NaN"/>
                <entry key="column_max" type="xdouble" value="NaN"/>
            </config>
            <config key="X_average_anionic_radius">
                <entry key="column_name" type="xstring" value="X_average_anionic_radius"/>
                <entry key="column_scale" type="xdouble" value="1.5112922673980504"/>
                <entry key="column_translate" type="xdouble" value="-0.932198968675433"/>
                <entry key="column_min" type="xdouble" value="NaN"/>
                <entry key="column_max" type="xdouble" value="NaN"/>
            </config>
            <config key="X_average_cationic_radius">
                <entry key="column_name" type="xstring" value="X_average_cationic_radius"/>
                <entry key="column_scale" type="xdouble" value="132.99371953102835"/>
                <entry key="column_translate" type="xdouble" value="-38.965916890633075"/>
                <entry key="column_min" type="xdouble" value="NaN"/>
                <entry key="column_max" type="xdouble" value="NaN"/>
            </config>
            <config key="X_average_ionic_radius">
                <entry key="column_name" type="xstring" value="X_average_ionic_radius"/>
                <entry key="column_scale" type="xdouble" value="6.045169069592202"/>
                <entry key="column_translate" type="xdouble" value="-2.7457496895530937"/>
                <entry key="column_min" type="xdouble" value="NaN"/>
                <entry key="column_max" type="xdouble" value="NaN"/>
            </config>
            <config key="X_electron_affinity">
                <entry key="column_name" type="xstring" value="X_electron_affinity"/>
                <entry key="column_scale" type="xdouble" value="1.4975492893360112"/>
                <entry key="column_translate" type="xdouble" value="-0.957878374036473"/>
                <entry key="column_min" type="xdouble" value="NaN"/>
                <entry key="column_max" type="xdouble" value="NaN"/>
            </config>
            <config key="mean_Z">
                <entry key="column_name" type="xstring" value="mean_Z"/>
                <entry key="column_scale" type="xdouble" value="0.12813123720453748"/>
                <entry key="column_translate" type="xdouble" value="-2.790995722550705"/>
                <entry key="column_min" type="xdouble" value="NaN"/>
                <entry key="column_max" type="xdouble" value="NaN"/>
            </config>
            <config key="stddev_Z">
                <entry key="column_name" type="xstring" value="stddev_Z"/>
                <entry key="column_scale" type="xdouble" value="0.13714701483005404"/>
                <entry key="column_translate" type="xdouble" value="-1.7325054190058309"/>
                <entry key="column_min" type="xdouble" value="NaN"/>
                <entry key="column_max" type="xdouble" value="NaN"/>
            </config>
            <config key="mean_row">
                <entry key="column_name" type="xstring" value="mean_row"/>
                <entry key="column_scale" type="xdouble" value="3.0181748820829117"/>
                <entry key="column_translate" type="xdouble" value="-10.446081912754252"/>
                <entry key="column_min" type="xdouble" value="NaN"/>
                <entry key="column_max" type="xdouble" value="NaN"/>
            </config>
            <config key="stddev_row">
                <entry key="column_name" type="xstring" value="stddev_row"/>
                <entry key="column_scale" type="xdouble" value="3.479178234283024"/>
                <entry key="column_translate" type="xdouble" value="-3.7091245778344644"/>
                <entry key="column_min" type="xdouble" value="NaN"/>
                <entry key="column_max" type="xdouble" value="NaN"/>
            </config>
            <config key="mean_group">
                <entry key="column_name" type="xstring" value="mean_group"/>
                <entry key="column_scale" type="xdouble" value="2.313846274667601"/>
                <entry key="column_translate" type="xdouble" value="-22.002263310400362"/>
                <entry key="column_min" type="xdouble" value="NaN"/>
                <entry key="column_max" type="xdouble" value="NaN"/>
            </config>
            <config key="stddev_group">
                <entry key="column_name" type="xstring" value="stddev_group"/>
                <entry key="column_scale" type="xdouble" value="2.6083328413723064"/>
                <entry key="column_translate" type="xdouble" value="-12.035568939153878"/>
                <entry key="column_min" type="xdouble" value="NaN"/>
                <entry key="column_max" type="xdouble" value="NaN"/>
            </config>
            <config key="mean_atomic_radius_calculated">
                <entry key="column_name" type="xstring" value="mean_atomic_radius_calculated"/>
                <entry key="column_scale" type="xdouble" value="14.723894425640466"/>
                <entry key="column_translate" type="xdouble" value="-19.242719547790006"/>
                <entry key="column_min" type="xdouble" value="NaN"/>
                <entry key="column_max" type="xdouble" value="NaN"/>
            </config>
            <config key="stddev_atomic_radius_calculated">
                <entry key="column_name" type="xstring" value="stddev_atomic_radius_calculated"/>
                <entry key="column_scale" type="xdouble" value="19.61820326716692"/>
                <entry key="column_translate" type="xdouble" value="-9.839252954265945"/>
                <entry key="column_min" type="xdouble" value="NaN"/>
                <entry key="column_max" type="xdouble" value="NaN"/>
            </config>
            <config key="mean_mendeleev_no">
                <entry key="column_name" type="xstring" value="mean_mendeleev_no"/>
                <entry key="column_scale" type="xdouble" value="0.5742958576232983"/>
                <entry key="column_translate" type="xdouble" value="-41.71606390094219"/>
                <entry key="column_min" type="xdouble" value="NaN"/>
                <entry key="column_max" type="xdouble" value="NaN"/>
            </config>
            <config key="stddev_mendeleev_no">
                <entry key="column_name" type="xstring" value="stddev_mendeleev_no"/>
                <entry key="column_scale" type="xdouble" value="0.6624730420692551"/>
                <entry key="column_translate" type="xdouble" value="-13.146637487668425"/>
                <entry key="column_min" type="xdouble" value="NaN"/>
                <entry key="column_max" type="xdouble" value="NaN"/>
            </config>
            <config key="mean_molar_volume">
                <entry key="column_name" type="xstring" value="mean_molar_volume"/>
                <entry key="column_scale" type="xdouble" value="0.6762049293462398"/>
                <entry key="column_translate" type="xdouble" value="-6.599351964920668"/>
                <entry key="column_min" type="xdouble" value="NaN"/>
                <entry key="column_max" type="xdouble" value="NaN"/>
            </config>
            <config key="stddev_molar_volume">
                <entry key="column_name" type="xstring" value="stddev_molar_volume"/>
                <entry key="column_scale" type="xdouble" value="1.4850635356459223"/>
                <entry key="column_translate" type="xdouble" value="-3.8105000215806006"/>
                <entry key="column_min" type="xdouble" value="NaN"/>
                <entry key="column_max" type="xdouble" value="NaN"/>
            </config>
            <config key="mean_thermal_conductivity">
                <entry key="column_name" type="xstring" value="mean_thermal_conductivity"/>
                <entry key="column_scale" type="xdouble" value="0.03249286060548079"/>
                <entry key="column_translate" type="xdouble" value="-2.1334307785204123"/>
                <entry key="column_min" type="xdouble" value="NaN"/>
                <entry key="column_max" type="xdouble" value="NaN"/>
            </config>
            <config key="stddev_thermal_conductivity">
                <entry key="column_name" type="xstring" value="stddev_thermal_conductivity"/>
                <entry key="column_scale" type="xdouble" value="0.050387072645504107"/>
                <entry key="column_translate" type="xdouble" value="-2.3377714832019785"/>
                <entry key="column_min" type="xdouble" value="NaN"/>
                <entry key="column_max" type="xdouble" value="NaN"/>
            </config>
            <config key="mean_boiling_point">
                <entry key="column_name" type="xstring" value="mean_boiling_point"/>
                <entry key="column_scale" type="xdouble" value="0.0011288307400233002"/>
                <entry key="column_translate" type="xdouble" value="-3.463759488578229"/>
                <entry key="column_min" type="xdouble" value="NaN"/>
                <entry key="column_max" type="xdouble" value="NaN"/>
            </config>
            <config key="stddev_boiling_point">
                <entry key="column_name" type="xstring" value="stddev_boiling_point"/>
                <entry key="column_scale" type="xdouble" value="0.0019516421207111214"/>
                <entry key="column_translate" type="xdouble" value="-2.137421131073832"/>
                <entry key="column_min" type="xdouble" value="NaN"/>
                <entry key="column_max" type="xdouble" value="NaN"/>
            </config>
            <config key="mean_melting_point">
                <entry key="column_name" type="xstring" value="mean_melting_point"/>
                <entry key="column_scale" type="xdouble" value="0.0014645490014195159"/>
                <entry key="column_translate" type="xdouble" value="-2.833095139092686"/>
                <entry key="column_min" type="xdouble" value="NaN"/>
                <entry key="column_max" type="xdouble" value="NaN"/>
            </config>
            <config key="stddev_melting_point">
                <entry key="column_name" type="xstring" value="stddev_melting_point"/>
                <entry key="column_scale" type="xdouble" value="0.00691415373366772"/>
                <entry key="column_translate" type="xdouble" value="-6.88079001608089"/>
                <entry key="column_min" type="xdouble" value="NaN"/>
                <entry key="column_max" type="xdouble" value="NaN"/>
            </config>
            <config key="mean_liquid_range">
                <entry key="column_name" type="xstring" value="mean_liquid_range"/>
                <entry key="column_scale" type="xdouble" value="0.003351775543159057"/>
                <entry key="column_translate" type="xdouble" value="-3.818400937172065"/>
                <entry key="column_min" type="xdouble" value="NaN"/>
                <entry key="column_max" type="xdouble" value="NaN"/>
            </config>
            <config key="stddev_liquid_range">
                <entry key="column_name" type="xstring" value="stddev_liquid_range"/>
                <entry key="column_scale" type="xdouble" value="0.006284140689077246"/>
                <entry key="column_translate" type="xdouble" value="-4.12341108113419"/>
                <entry key="column_min" type="xdouble" value="NaN"/>
                <entry key="column_max" type="xdouble" value="NaN"/>
            </config>
            <config key="mean_ionization_energies">
                <entry key="column_name" type="xstring" value="mean_ionization_energies"/>
                <entry key="column_scale" type="xdouble" value="1.5581075652164602"/>
                <entry key="column_translate" type="xdouble" value="-13.719502027560889"/>
                <entry key="column_min" type="xdouble" value="NaN"/>
                <entry key="column_max" type="xdouble" value="NaN"/>
            </config>
            <config key="stddev_ionization_energies">
                <entry key="column_name" type="xstring" value="stddev_ionization_energies"/>
                <entry key="column_scale" type="xdouble" value="1.2833139834675251"/>
                <entry key="column_translate" type="xdouble" value="-3.5440061053533416"/>
                <entry key="column_min" type="xdouble" value="NaN"/>
                <entry key="column_max" type="xdouble" value="NaN"/>
            </config>
            <config key="mean_atomic_mass">
                <entry key="column_name" type="xstring" value="mean_atomic_mass"/>
                <entry key="column_scale" type="xdouble" value="0.049273385192896334"/>
                <entry key="column_translate" type="xdouble" value="-2.411672399560661"/>
                <entry key="column_min" type="xdouble" value="NaN"/>
                <entry key="column_max" type="xdouble" value="NaN"/>
            </config>
            <config key="stddev_atomic_mass">
                <entry key="column_name" type="xstring" value="stddev_atomic_mass"/>
                <entry key="column_scale" type="xdouble" value="0.05235899363626009"/>
                <entry key="column_translate" type="xdouble" value="-1.586219972119951"/>
                <entry key="column_min" type="xdouble" value="NaN"/>
                <entry key="column_max" type="xdouble" value="NaN"/>
            </config>
            <config key="mean_atomic_radius">
                <entry key="column_name" type="xstring" value="mean_atomic_radius"/>
                <entry key="column_scale" type="xdouble" value="22.207290506210864"/>
                <entry key="column_translate" type="xdouble" value="-25.415154374310145"/>
                <entry key="column_min" type="xdouble" value="NaN"/>
                <entry key="column_max" type="xdouble" value="NaN"/>
            </config>
            <config key="stddev_atomic_radius">
                <entry key="column_name" type="xstring" value="stddev_atomic_radius"/>
                <entry key="column_scale" type="xdouble" value="38.64956996677385"/>
                <entry key="column_translate" type="xdouble" value="-12.565898713918399"/>
                <entry key="column_min" type="xdouble" value="NaN"/>
                <entry key="column_max" type="xdouble" value="NaN"/>
            </config>
            <config key="mean_average_anionic_radius">
                <entry key="column_name" type="xstring" value="mean_average_anionic_radius"/>
                <entry key="column_scale" type="xdouble" value="4.636459610272228"/>
                <entry key="column_translate" type="xdouble" value="-0.9127759036484531"/>
                <entry key="column_min" type="xdouble" value="NaN"/>
                <entry key="column_max" type="xdouble" value="NaN"/>
            </config>
            <config key="stddev_average_anionic_radius">
                <entry key="column_name" type="xstring" value="stddev_average_anionic_radius"/>
                <entry key="column_scale" type="xdouble" value="3.2568313744024775"/>
                <entry key="column_translate" type="xdouble" value="-0.9305037541147585"/>
                <entry key="column_min" type="xdouble" value="NaN"/>
                <entry key="column_max" type="xdouble" value="NaN"/>
            </config>
            <config key="mean_average_cationic_radius">
                <entry key="column_name" type="xstring" value="mean_average_cationic_radius"/>
                <entry key="column_scale" type="xdouble" value="21.255324101499834"/>
                <entry key="column_translate" type="xdouble" value="-13.76307066558214"/>
                <entry key="column_min" type="xdouble" value="NaN"/>
                <entry key="column_max" type="xdouble" value="NaN"/>
            </config>
            <config key="stddev_average_cationic_radius">
                <entry key="column_name" type="xstring" value="stddev_average_cationic_radius"/>
                <entry key="column_scale" type="xdouble" value="34.77171567747217"/>
                <entry key="column_translate" type="xdouble" value="-8.694073204804079"/>
                <entry key="column_min" type="xdouble" value="NaN"/>
                <entry key="column_max" type="xdouble" value="NaN"/>
            </config>
            <config key="mean_average_ionic_radius">
                <entry key="column_name" type="xstring" value="mean_average_ionic_radius"/>
                <entry key="column_scale" type="xdouble" value="13.557934083544708"/>
                <entry key="column_translate" type="xdouble" value="-9.476536601864543"/>
                <entry key="column_min" type="xdouble" value="NaN"/>
                <entry key="column_max" type="xdouble" value="NaN"/>
            </config>
            <config key="stddev_average_ionic_radius">
                <entry key="column_name" type="xstring" value="stddev_average_ionic_radius"/>
                <entry key="column_scale" type="xdouble" value="13.485943619755327"/>
                <entry key="column_translate" type="xdouble" value="-2.4308665373971414"/>
                <entry key="column_min" type="xdouble" value="NaN"/>
                <entry key="column_max" type="xdouble" value="NaN"/>
            </config>
            <config key="mean_electron_affinity">
                <entry key="column_name" type="xstring" value="mean_electron_affinity"/>
                <entry key="column_scale" type="xdouble" value="3.984445966264205"/>
                <entry key="column_translate" type="xdouble" value="-2.113105753185046"/>
                <entry key="column_min" type="xdouble" value="NaN"/>
                <entry key="column_max" type="xdouble" value="NaN"/>
            </config>
            <config key="stddev_electron_affinity">
                <entry key="column_name" type="xstring" value="stddev_electron_affinity"/>
                <entry key="column_scale" type="xdouble" value="7.737020027844091"/>
                <entry key="column_translate" type="xdouble" value="-3.0903530223889977"/>
                <entry key="column_min" type="xdouble" value="NaN"/>
                <entry key="column_max" type="xdouble" value="NaN"/>
            </config>
        </config>
        <entry key="summary" type="xstring" value="Z-Score (Gaussian) normalization on 106 column(s)"/>
    </config>
</config>
