<?xml version="1.0" encoding="UTF-8"?>
<config xmlns="http://www.knime.org/2008/09/XMLConfig" xmlns:xsi="http://www.w3.org/2001/XMLSchema-instance" xsi:schemaLocation="http://www.knime.org/2008/09/XMLConfig http://www.knime.org/XMLConfig_2008_09.xsd" key="model.xml">
    <entry key="version" type="xint" value="1"/>
    <entry key="class_name" type="xstring" value="org.knime.base.data.normalize.NormalizerPortObject"/>
    <config key="model">
        <config key="columns">
            <config key="desc1">
                <entry key="column_name" type="xstring" value="desc1"/>
                <entry key="column_scale" type="xdouble" value="0.041003520343837654"/>
                <entry key="column_translate" type="xdouble" value="-0.03102830191861876"/>
                <entry key="column_min" type="xdouble" value="0.0"/>
                <entry key="column_max" type="xdouble" value="1.0"/>
            </config>
            <config key="desc2">
                <entry key="column_name" type="xstring" value="desc2"/>
                <entry key="column_scale" type="xdouble" value="4.063355357278864"/>
                <entry key="column_translate" type="xdouble" value="-0.029876326310378596"/>
                <entry key="column_min" type="xdouble" value="0.0"/>
                <entry key="column_max" type="xdouble" value="1.0"/>
            </config>
            <config key="desc3">
                <entry key="column_name" type="xstring" value="desc3"/>
                <entry key="column_scale" type="xdouble" value="10.064204890099948"/>
                <entry key="column_translate" type="xdouble" value="-3.4449803927794265E-4"/>
                <entry key="column_min" type="xdouble" value="0.0"/>
                <entry key="column_max" type="xdouble" value="1.0"/>
            </config>
        </config>
        <entry key="summary" type="xstring" value="Min/Max (0.0, 1) normalization on 3 column(s)"/>
    </config>
</config>
