<?xml version="1.0" encoding="UTF-8"?>
<config xmlns="http://www.knime.org/2008/09/XMLConfig" xmlns:xsi="http://www.w3.org/2001/XMLSchema-instance" xsi:schemaLocation="http://www.knime.org/2008/09/XMLConfig http://www.knime.org/XMLConfig_2008_09.xsd" key="model.xml">
    <entry key="version" type="xint" value="1"/>
    <entry key="class_name" type="xstring" value="org.knime.base.node.mine.treeensemble2.model.TreeEnsembleModelPortObjectSpec"/>
    <config key="model">
        <config key="learnSpec">
            <entry key="spec_name" type="xstring" value="default"/>
            <entry key="number_columns" type="xint" value="6"/>
            <config key="column_spec_0">
                <entry key="column_name" type="xstring" value="x1"/>
                <config key="element_names">
                    <entry key="array-size" type="xint" value="0"/>
                </config>
                <config key="column_type">
                    <entry key="cell_class" type="xstring" value="org.knime.core.data.def.DoubleCell"/>
                </config>
                <config key="column_domain">
                    <config key="lower_bound">
                        <entry key="datacell" type="xstring" value="org.knime.core.data.def.DoubleCell"/>
                        <config key="org.knime.core.data.def.DoubleCell">
                            <entry key="DoubleCell" type="xdouble" value="0.0"/>
                        </config>
                    </config>
                    <config key="upper_bound">
                        <entry key="datacell" type="xstring" value="org.knime.core.data.def.DoubleCell"/>
                        <config key="org.knime.core.data.def.DoubleCell">
                            <entry key="DoubleCell" type="xdouble" value="1.0"/>
                        </config>
                    </config>
                </config>
                <config key="column_properties"/>
                <config key="meta_data"/>
            </config>
            <config key="column_spec_1">
                <entry key="column_name" type="xstring" value="x2"/>
                <config key="element_names">
                    <entry key="array-size" type="xint" value="0"/>
                </config>
                <config key="column_type">
                    <entry key="cell_class" type="xstring" value="org.knime.core.data.def.DoubleCell"/>
                </config>
                <config key="column_domain">
                    <config key="lower_bound">
                        <entry key="datacell" type="xstring" value="org.knime.core.data.def.DoubleCell"/>
                        <config key="org.knime.core.data.def.DoubleCell">
                            <entry key="DoubleCell" type="xdouble" value="0.0"/>
                        </config>
                    </config>
                    <config key="upper_bound">
                        <entry key="datacell" type="xstring" value="org.knime.core.data.def.DoubleCell"/>
                        <config key="org.knime.core.data.def.DoubleCell">
                            <entry key="DoubleCell" type="xdouble" value="1.0"/>
                        </config>
                    </config>
                </config>
                <config key="column_properties"/>
                <config key="meta_data"/>
            </config>
            <config key="column_spec_2">
                <entry key="column_name" type="xstring" value="x3"/>
                <config key="element_names">
                    <entry key="array-size" type="xint" value="0"/>
                </config>
                <config key="column_type">
                    <entry key="cell_class" type="xstring" value="org.knime.core.data.def.DoubleCell"/>
                </config>
                <config key="column_domain">
                    <config key="lower_bound">
                        <entry key="datacell" type="xstring" value="org.knime.core.data.def.DoubleCell"/>
                        <config key="org.knime.core.data.def.DoubleCell">
                            <entry key="DoubleCell" type="xdouble" value="0.0"/>
                        </config>
                    </config>
                    <config key="upper_bound">
                        <entry key="datacell" type="xstring" value="org.knime.core.data.def.DoubleCell"/>
                        <config key="org.knime.core.data.def.DoubleCell">
                            <entry key="DoubleCell" type="xdouble" value="1.0"/>
                        </config>
                    </config>
                </config>
                <config key="column_properties"/>
                <config key="meta_data"/>
            </config>
            <config key="column_spec_3">
                <entry key="column_name" type="xstring" value="x4"/>
                <config key="element_names">
                    <entry key="array-size" type="xint" value="0"/>
                </config>
                <config key="column_type">
                    <entry key="cell_class" type="xstring" value="org.knime.core.data.def.DoubleCell"/>
                </config>
                <config key="column_domain">
                    <config key="lower_bound">
                        <entry key="datacell" type="xstring" value="org.knime.core.data.def.DoubleCell"/>
                        <config key="org.knime.core.data.def.DoubleCell">
                            <entry key="DoubleCell" type="xdouble" value="0.0"/>
                        </config>
                    </config>
                    <config key="upper_bound">
                        <entry key="datacell" type="xstring" value="org.knime.core.data.def.DoubleCell"/>
                        <config key="org.knime.core.data.def.DoubleCell">
                            <entry key="DoubleCell" type="xdouble" value="1.0"/>
                        </config>
                    </config>
                </config>
                <config key="column_properties"/>
                <config key="meta_data"/>
            </config>
            <config key="column_spec_4">
                <entry key="column_name" type="xstring" value="x5"/>
                <config key="element_names">
                    <entry key="array-size" type="xint" value="0"/>
                </config>
                <config key="column_type">
                    <entry key="cell_class" type="xstring" value="org.knime.core.data.def.DoubleCell"/>
                </config>
                <config key="column_domain">
                    <config key="lower_bound">
                        <entry key="datacell" type="xstring" value="org.knime.core.data.def.DoubleCell"/>
                        <config key="org.knime.core.data.def.DoubleCell">
                            <entry key="DoubleCell" type="xdouble" value="0.0"/>
                        </config>
                    </config>
                    <config key="upper_bound">
                        <entry key="datacell" type="xstring" value="org.knime.core.data.def.DoubleCell"/>
                        <config key="org.knime.core.data.def.DoubleCell">
                            <entry key="DoubleCell" type="xdouble" value="1.0"/>
                        </config>
                    </config>
                </config>
                <config key="column_properties"/>
                <config key="meta_data"/>
            </config>
            <config key="column_spec_5">
                <entry key="column_name" type="xstring" value="y"/>
                <config key="element_names">
                    <entry key="array-size" type="xint" value="0"/>
                </config>
                <config key="column_type">
                    <entry key="cell_class" type="xstring" value="org.knime.core.data.def.DoubleCell"/>
                </config>
                <config key="column_domain">
                    <config key="lower_bound">
                        <entry key="datacell" type="xstring" value="org.knime.core.data.def.DoubleCell"/>
                        <config key="org.knime.core.data.def.DoubleCell">
                            <entry key="DoubleCell" type="xdouble" value="-1.0010282744820245"/>
                        </config>
                    </config>
                    <config key="upper_bound">
                        <entry key="datacell" type="xstring" value="org.knime.core.data.def.DoubleCell"/>
                        <config key="org.knime.core.data.def.DoubleCell">
                            <entry key="DoubleCell" type="xdouble" value="0.9980484121091965"/>
                        </config>
                    </config>
                </config>
                <config key="column_properties"/>
                <config key="meta_data"/>
            </config>
        </config>
    </config>
</config>
