<?xml version="1.0" encoding="UTF-8"?>
<config xmlns="http://www.knime.org/2008/09/XMLConfig" xmlns:xsi="http://www.w3.org/2001/XMLSchema-instance" xsi:schemaLocation="http://www.knime.org/2008/09/XMLConfig http://www.knime.org/XMLConfig_2008_09.xsd" key="model.xml">
    <entry key="version" type="xint" value="1"/>
    <entry key="class_name" type="xstring" value="org.knime.base.data.normalize.NormalizerPortObject"/>
    <config key="model">
        <config key="columns">
            <config key="min_oxidation_state">
                <entry key="column_name" type="xstring" value="min_oxidation_state"/>
                <entry key="column_scale" type="xdouble" value="0.4799418951895813"/>
                <entry key="column_translate" type="xdouble" value="-0.06989445075576431"/>
                <entry key="column_min" type="xdouble" value="NaN"/>
                <entry key="column_max" type="xdouble" value="NaN"/>
            </config>
            <config key="max_oxidation_state">
                <entry key="column_name" type="xstring" value="max_oxidation_state"/>
                <entry key="column_scale" type="xdouble" value="0.4997503299056086"/>
                <entry key="column_translate" type="xdouble" value="-1.8825546408094769"/>
                <entry key="column_min" type="xdouble" value="NaN"/>
                <entry key="column_max" type="xdouble" value="NaN"/>
            </config>
            <config key="row">
                <entry key="column_name" type="xstring" value="row"/>
                <entry key="column_scale" type="xdouble" value="0.4432983322718566"/>
                <entry key="column_translate" type="xdouble" value="-2.474723699575899"/>
                <entry key="column_min" type="xdouble" value="NaN"/>
                <entry key="column_max" type="xdouble" value="NaN"/>
            </config>
            <config key="group">
                <entry key="column_name" type="xstring" value="group"/>
                <entry key="column_scale" type="xdouble" value="0.1857691302632487"/>
                <entry key="column_translate" type="xdouble" value="-1.8468697998987058"/>
                <entry key="column_min" type="xdouble" value="NaN"/>
                <entry key="column_max" type="xdouble" value="NaN"/>
            </config>
            <config key="s">
                <entry key="column_name" type="xstring" value="s"/>
                <entry key="column_scale" type="xdouble" value="2.4600494543753286"/>
                <entry key="column_translate" type="xdouble" value="-4.490187353617103"/>
                <entry key="column_min" type="xdouble" value="NaN"/>
                <entry key="column_max" type="xdouble" value="NaN"/>
            </config>
            <config key="p">
                <entry key="column_name" type="xstring" value="p"/>
                <entry key="column_scale" type="xdouble" value="0.5422381072980365"/>
                <entry key="column_translate" type="xdouble" value="-0.5580314502290473"/>
                <entry key="column_min" type="xdouble" value="NaN"/>
                <entry key="column_max" type="xdouble" value="NaN"/>
            </config>
            <config key="d">
                <entry key="column_name" type="xstring" value="d"/>
                <entry key="column_scale" type="xdouble" value="0.2361234198451422"/>
                <entry key="column_translate" type="xdouble" value="-0.8390405015856507"/>
                <entry key="column_min" type="xdouble" value="NaN"/>
                <entry key="column_max" type="xdouble" value="NaN"/>
            </config>
            <config key="f">
                <entry key="column_name" type="xstring" value="f"/>
                <entry key="column_scale" type="xdouble" value="0.17220922535663422"/>
                <entry key="column_translate" type="xdouble" value="-0.7323071913223864"/>
                <entry key="column_min" type="xdouble" value="NaN"/>
                <entry key="column_max" type="xdouble" value="NaN"/>
            </config>
            <config key="atomic_radius_calculated">
                <entry key="column_name" type="xstring" value="atomic_radius_calculated"/>
                <entry key="column_scale" type="xdouble" value="1.79176766165565"/>
                <entry key="column_translate" type="xdouble" value="-2.7708904076390315"/>
                <entry key="column_min" type="xdouble" value="NaN"/>
                <entry key="column_max" type="xdouble" value="NaN"/>
            </config>
            <config key="X">
                <entry key="column_name" type="xstring" value="X"/>
                <entry key="column_scale" type="xdouble" value="1.2773343432340512"/>
                <entry key="column_translate" type="xdouble" value="-2.024760953590519"/>
                <entry key="column_min" type="xdouble" value="NaN"/>
                <entry key="column_max" type="xdouble" value="NaN"/>
            </config>
            <config key="IP">
                <entry key="column_name" type="xstring" value="IP"/>
                <entry key="column_scale" type="xdouble" value="0.0031072255080530613"/>
                <entry key="column_translate" type="xdouble" value="-2.388298084257535"/>
                <entry key="column_min" type="xdouble" value="NaN"/>
                <entry key="column_max" type="xdouble" value="NaN"/>
            </config>
            <config key="EA">
                <entry key="column_name" type="xstring" value="EA"/>
                <entry key="column_scale" type="xdouble" value="0.4027238957080998"/>
                <entry key="column_translate" type="xdouble" value="-0.11565242242712877"/>
                <entry key="column_min" type="xdouble" value="NaN"/>
                <entry key="column_max" type="xdouble" value="NaN"/>
            </config>
        </config>
        <entry key="summary" type="xstring" value="Z-Score (Gaussian) normalization on 12 column(s)"/>
    </config>
</config>
