<?xml version="1.0" encoding="UTF-8"?>
<config xmlns="http://www.knime.org/2008/09/XMLConfig" xmlns:xsi="http://www.w3.org/2001/XMLSchema-instance" xsi:schemaLocation="http://www.knime.org/2008/09/XMLConfig http://www.knime.org/XMLConfig_2008_09.xsd" key="model.xml">
    <entry key="version" type="xint" value="1"/>
    <entry key="class_name" type="xstring" value="org.knime.base.node.mine.transformation.port.TransformationPortObject"/>
    <config key="model">
        <entry key="max_dim_to_reduce_to" type="xint" value="15"/>
        <config key="eigenvalues">
            <entry key="array-size" type="xint" value="15"/>
            <entry key="0" type="xdouble" value="0.45623006734202975"/>
            <entry key="1" type="xdouble" value="0.023863504955981465"/>
            <entry key="2" type="xdouble" value="0.008567985172361847"/>
            <entry key="3" type="xdouble" value="0.0032340327274521163"/>
            <entry key="4" type="xdouble" value="6.711828606184522E-4"/>
            <entry key="5" type="xdouble" value="1.1176596704411147E-4"/>
            <entry key="6" type="xdouble" value="5.044932737796234E-5"/>
            <entry key="7" type="xdouble" value="1.6365426127317304E-5"/>
            <entry key="8" type="xdouble" value="2.515065263153143E-6"/>
            <entry key="9" type="xdouble" value="4.4116308531030744E-9"/>
            <entry key="10" type="xdouble" value="3.0954862388680164E-10"/>
            <entry key="11" type="xdouble" value="3.748018975045131E-11"/>
            <entry key="12" type="xdouble" value="8.799390895933842E-13"/>
            <entry key="13" type="xdouble" value="4.318263661341845E-13"/>
            <entry key="14" type="xdouble" value="0.0"/>
        </config>
        <config key="center">
            <entry key="array-size" type="xint" value="15"/>
            <entry key="0" type="xdouble" value="0.07349201493369457"/>
            <entry key="1" type="xdouble" value="1.4842782401786787"/>
            <entry key="2" type="xdouble" value="0.0377912644660002"/>
            <entry key="3" type="xdouble" value="0.4340902904922223"/>
            <entry key="4" type="xdouble" value="0.01721168890082543"/>
            <entry key="5" type="xdouble" value="0.6931047979396645"/>
            <entry key="6" type="xdouble" value="1.5785831364453489"/>
            <entry key="7" type="xdouble" value="0.6838745124507413"/>
            <entry key="8" type="xdouble" value="0.47887157311538453"/>
            <entry key="9" type="xdouble" value="0.17390350605974905"/>
            <entry key="10" type="xdouble" value="1.343069334300695"/>
            <entry key="11" type="xdouble" value="1.7652662167701272"/>
            <entry key="12" type="xdouble" value="1.5562092446855038"/>
            <entry key="13" type="xdouble" value="1.0079666319193163"/>
            <entry key="14" type="xdouble" value="0.5126132450165763"/>
        </config>
        <entry key="number_rows" type="xint" value="15"/>
        <config key="eigenvector">
            <config key="row_0">
                <entry key="array-size" type="xint" value="15"/>
                <entry key="0" type="xdouble" value="0.07064192382880415"/>
                <entry key="1" type="xdouble" value="-0.3687479915876843"/>
                <entry key="2" type="xdouble" value="-0.03806333586492801"/>
                <entry key="3" type="xdouble" value="-0.19601495379756237"/>
                <entry key="4" type="xdouble" value="-0.008846947156480529"/>
                <entry key="5" type="xdouble" value="0.07150797330973087"/>
                <entry key="6" type="xdouble" value="-0.3069534921791697"/>
                <entry key="7" type="xdouble" value="-0.31598671311127435"/>
                <entry key="8" type="xdouble" value="-0.22572164673154513"/>
                <entry key="9" type="xdouble" value="-0.09145899110774262"/>
                <entry key="10" type="xdouble" value="-0.14880770907891333"/>
                <entry key="11" type="xdouble" value="-0.351947574234726"/>
                <entry key="12" type="xdouble" value="-0.4581226626203567"/>
                <entry key="13" type="xdouble" value="-0.3886433279139401"/>
                <entry key="14" type="xdouble" value="-0.23164283113582826"/>
            </config>
            <config key="row_1">
                <entry key="array-size" type="xint" value="15"/>
                <entry key="0" type="xdouble" value="-0.03205755546591776"/>
                <entry key="1" type="xdouble" value="-0.39729814925100954"/>
                <entry key="2" type="xdouble" value="0.07238272207514276"/>
                <entry key="3" type="xdouble" value="0.19575746789799686"/>
                <entry key="4" type="xdouble" value="0.007734921532006241"/>
                <entry key="5" type="xdouble" value="-0.41292893619286813"/>
                <entry key="6" type="xdouble" value="-0.35848665243829075"/>
                <entry key="7" type="xdouble" value="0.25623086590324057"/>
                <entry key="8" type="xdouble" value="0.2571254351208168"/>
                <entry key="9" type="xdouble" value="0.11028820476795524"/>
                <entry key="10" type="xdouble" value="-0.39936762436167567"/>
                <entry key="11" type="xdouble" value="-0.2633821616449173"/>
                <entry key="12" type="xdouble" value="0.06870690009267462"/>
                <entry key="13" type="xdouble" value="0.264506835656182"/>
                <entry key="14" type="xdouble" value="0.22583851063265659"/>
            </config>
            <config key="row_2">
                <entry key="array-size" type="xint" value="15"/>
                <entry key="0" type="xdouble" value="0.4352421129448955"/>
                <entry key="1" type="xdouble" value="-0.6425379109959528"/>
                <entry key="2" type="xdouble" value="0.06753895978316005"/>
                <entry key="3" type="xdouble" value="0.04672881185101639"/>
                <entry key="4" type="xdouble" value="-0.0017942766732900806"/>
                <entry key="5" type="xdouble" value="0.4248670282676363"/>
                <entry key="6" type="xdouble" value="-0.03541938283379801"/>
                <entry key="7" type="xdouble" value="0.049616642788730805"/>
                <entry key="8" type="xdouble" value="0.0991050175646381"/>
                <entry key="9" type="xdouble" value="0.029622745031150935"/>
                <entry key="10" type="xdouble" value="0.3192103651803841"/>
                <entry key="11" type="xdouble" value="0.23632737502236748"/>
                <entry key="12" type="xdouble" value="0.14417011420127096"/>
                <entry key="13" type="xdouble" value="0.10917747019368867"/>
                <entry key="14" type="xdouble" value="0.0747177975250232"/>
            </config>
            <config key="row_3">
                <entry key="array-size" type="xint" value="15"/>
                <entry key="0" type="xdouble" value="0.08345496629211449"/>
                <entry key="1" type="xdouble" value="-0.1375470833285694"/>
                <entry key="2" type="xdouble" value="0.2489165553978149"/>
                <entry key="3" type="xdouble" value="-0.6669812180303304"/>
                <entry key="4" type="xdouble" value="0.013587731634003983"/>
                <entry key="5" type="xdouble" value="-0.262550212483662"/>
                <entry key="6" type="xdouble" value="0.11598197209725963"/>
                <entry key="7" type="xdouble" value="0.46391450137061085"/>
                <entry key="8" type="xdouble" value="-0.33788936095734434"/>
                <entry key="9" type="xdouble" value="-0.07032876246453267"/>
                <entry key="10" type="xdouble" value="-0.05344681907428839"/>
                <entry key="11" type="xdouble" value="0.1086058164306127"/>
                <entry key="12" type="xdouble" value="0.14412180937948205"/>
                <entry key="13" type="xdouble" value="-0.023080027200839175"/>
                <entry key="14" type="xdouble" value="-0.12015000727790692"/>
            </config>
            <config key="row_4">
                <entry key="array-size" type="xint" value="15"/>
                <entry key="0" type="xdouble" value="0.34290214821250475"/>
                <entry key="1" type="xdouble" value="-0.08910924066921205"/>
                <entry key="2" type="xdouble" value="-0.24286065933976958"/>
                <entry key="3" type="xdouble" value="0.16569607542917408"/>
                <entry key="4" type="xdouble" value="0.08815410044157214"/>
                <entry key="5" type="xdouble" value="-0.3099700558208505"/>
                <entry key="6" type="xdouble" value="0.3789299054967993"/>
                <entry key="7" type="xdouble" value="-0.15052697384923067"/>
                <entry key="8" type="xdouble" value="-0.4189534834632064"/>
                <entry key="9" type="xdouble" value="0.5501171424768833"/>
                <entry key="10" type="xdouble" value="-0.0532814556057236"/>
                <entry key="11" type="xdouble" value="-0.013714271855982714"/>
                <entry key="12" type="xdouble" value="-0.07056855762773889"/>
                <entry key="13" type="xdouble" value="-0.02424635527778572"/>
                <entry key="14" type="xdouble" value="0.17662574290843447"/>
            </config>
            <config key="row_5">
                <entry key="array-size" type="xint" value="15"/>
                <entry key="0" type="xdouble" value="0.5665212726952473"/>
                <entry key="1" type="xdouble" value="0.19270457682798192"/>
                <entry key="2" type="xdouble" value="-0.28832504465644654"/>
                <entry key="3" type="xdouble" value="0.3228302155111879"/>
                <entry key="4" type="xdouble" value="-0.22216112054038353"/>
                <entry key="5" type="xdouble" value="-0.15961065104971886"/>
                <entry key="6" type="xdouble" value="-0.10078011208602448"/>
                <entry key="7" type="xdouble" value="0.3107366515271943"/>
                <entry key="8" type="xdouble" value="-0.06325448189688053"/>
                <entry key="9" type="xdouble" value="-0.4116723776129101"/>
                <entry key="10" type="xdouble" value="-0.06596374566844114"/>
                <entry key="11" type="xdouble" value="-0.004593925926512521"/>
                <entry key="12" type="xdouble" value="0.0348018860746585"/>
                <entry key="13" type="xdouble" value="-0.12225202622537032"/>
                <entry key="14" type="xdouble" value="-0.2811024158014029"/>
            </config>
            <config key="row_6">
                <entry key="array-size" type="xint" value="15"/>
                <entry key="0" type="xdouble" value="-0.5318893344125776"/>
                <entry key="1" type="xdouble" value="-0.45126558129418864"/>
                <entry key="2" type="xdouble" value="-0.12082916131098574"/>
                <entry key="3" type="xdouble" value="0.34377348970221633"/>
                <entry key="4" type="xdouble" value="-0.2359854065981027"/>
                <entry key="5" type="xdouble" value="-0.13606732415194142"/>
                <entry key="6" type="xdouble" value="0.3534095464056263"/>
                <entry key="7" type="xdouble" value="0.08139378469998106"/>
                <entry key="8" type="xdouble" value="-0.1797923209851095"/>
                <entry key="9" type="xdouble" value="-0.214105471712094"/>
                <entry key="10" type="xdouble" value="0.030359030685322967"/>
                <entry key="11" type="xdouble" value="0.15086610155322344"/>
                <entry key="12" type="xdouble" value="0.06833508230482445"/>
                <entry key="13" type="xdouble" value="-0.1357422267296987"/>
                <entry key="14" type="xdouble" value="-0.22361173826347677"/>
            </config>
            <config key="row_7">
                <entry key="array-size" type="xint" value="15"/>
                <entry key="0" type="xdouble" value="0.10958653288324965"/>
                <entry key="1" type="xdouble" value="0.1037427405958393"/>
                <entry key="2" type="xdouble" value="0.8602802422146139"/>
                <entry key="3" type="xdouble" value="0.4064315390010713"/>
                <entry key="4" type="xdouble" value="-0.06048415065805894"/>
                <entry key="5" type="xdouble" value="-0.013053135885926265"/>
                <entry key="6" type="xdouble" value="0.019930068981478206"/>
                <entry key="7" type="xdouble" value="-0.004659839285686578"/>
                <entry key="8" type="xdouble" value="-0.20196921886795763"/>
                <entry key="9" type="xdouble" value="0.0430830929302875"/>
                <entry key="10" type="xdouble" value="0.008200758573671033"/>
                <entry key="11" type="xdouble" value="-0.025166430501796053"/>
                <entry key="12" type="xdouble" value="-0.08853025474415466"/>
                <entry key="13" type="xdouble" value="-0.11270578397195782"/>
                <entry key="14" type="xdouble" value="-0.061833536837740004"/>
            </config>
            <config key="row_8">
                <entry key="array-size" type="xint" value="15"/>
                <entry key="0" type="xdouble" value="0.08198047362297338"/>
                <entry key="1" type="xdouble" value="0.02416747578625219"/>
                <entry key="2" type="xdouble" value="0.06557372393061449"/>
                <entry key="3" type="xdouble" value="-0.2154131991586679"/>
                <entry key="4" type="xdouble" value="-0.9101864703523697"/>
                <entry key="5" type="xdouble" value="-0.05808784596056712"/>
                <entry key="6" type="xdouble" value="0.07637426221863555"/>
                <entry key="7" type="xdouble" value="-0.19884700684944928"/>
                <entry key="8" type="xdouble" value="0.16712375899292164"/>
                <entry key="9" type="xdouble" value="0.1540472203293312"/>
                <entry key="10" type="xdouble" value="-0.014075324433087172"/>
                <entry key="11" type="xdouble" value="-0.03356396333154398"/>
                <entry key="12" type="xdouble" value="-0.010659986437879451"/>
                <entry key="13" type="xdouble" value="0.07302729861905213"/>
                <entry key="14" type="xdouble" value="0.07983378818217528"/>
            </config>
            <config key="row_9">
                <entry key="array-size" type="xint" value="15"/>
                <entry key="0" type="xdouble" value="0.005224347340328366"/>
                <entry key="1" type="xdouble" value="0.030921224515463242"/>
                <entry key="2" type="xdouble" value="-0.028166075991251288"/>
                <entry key="3" type="xdouble" value="0.02550576830845472"/>
                <entry key="4" type="xdouble" value="-0.06051549668838531"/>
                <entry key="5" type="xdouble" value="0.5738012219676409"/>
                <entry key="6" type="xdouble" value="0.1553005163205791"/>
                <entry key="7" type="xdouble" value="0.08662928559284472"/>
                <entry key="8" type="xdouble" value="-0.17360160274323558"/>
                <entry key="9" type="xdouble" value="0.05086363603316007"/>
                <entry key="10" type="xdouble" value="-0.7539286042477762"/>
                <entry key="11" type="xdouble" value="0.012179716148708641"/>
                <entry key="12" type="xdouble" value="0.1742767716625984"/>
                <entry key="13" type="xdouble" value="0.03720843658391699"/>
                <entry key="14" type="xdouble" value="-0.0012993169989565347"/>
            </config>
            <config key="row_10">
                <entry key="array-size" type="xint" value="15"/>
                <entry key="0" type="xdouble" value="-0.18264134451438696"/>
                <entry key="1" type="xdouble" value="0.08791021987800521"/>
                <entry key="2" type="xdouble" value="-0.12499867193925812"/>
                <entry key="3" type="xdouble" value="0.09017709518875251"/>
                <entry key="4" type="xdouble" value="-0.20494592950841936"/>
                <entry key="5" type="xdouble" value="0.2026982607905696"/>
                <entry key="6" type="xdouble" value="-0.31830859677102397"/>
                <entry key="7" type="xdouble" value="0.3226421574138554"/>
                <entry key="8" type="xdouble" value="-0.49692366590496667"/>
                <entry key="9" type="xdouble" value="-0.05961861288685317"/>
                <entry key="10" type="xdouble" value="0.2206787907773661"/>
                <entry key="11" type="xdouble" value="-0.047117047926882365"/>
                <entry key="12" type="xdouble" value="-0.1782257807652322"/>
                <entry key="13" type="xdouble" value="0.018563995223087396"/>
                <entry key="14" type="xdouble" value="0.5595836917493341"/>
            </config>
            <config key="row_11">
                <entry key="array-size" type="xint" value="15"/>
                <entry key="0" type="xdouble" value="0.15280898529708994"/>
                <entry key="1" type="xdouble" value="-0.0744616434783719"/>
                <entry key="2" type="xdouble" value="0.09609324614527931"/>
                <entry key="3" type="xdouble" value="-0.0767602311781895"/>
                <entry key="4" type="xdouble" value="0.09300257530773079"/>
                <entry key="5" type="xdouble" value="-0.13395307732454767"/>
                <entry key="6" type="xdouble" value="0.344293418159196"/>
                <entry key="7" type="xdouble" value="-0.3087325261682616"/>
                <entry key="8" type="xdouble" value="0.022498757937375484"/>
                <entry key="9" type="xdouble" value="-0.6289690114759319"/>
                <entry key="10" type="xdouble" value="-0.13714369886731495"/>
                <entry key="11" type="xdouble" value="-0.04732641915371389"/>
                <entry key="12" type="xdouble" value="-0.02865803840353039"/>
                <entry key="13" type="xdouble" value="0.019228709022017124"/>
                <entry key="14" type="xdouble" value="0.5451465620974718"/>
            </config>
            <config key="row_12">
                <entry key="array-size" type="xint" value="15"/>
                <entry key="0" type="xdouble" value="0.011279370061015195"/>
                <entry key="1" type="xdouble" value="-0.0072463887652580855"/>
                <entry key="2" type="xdouble" value="0.002809568931961438"/>
                <entry key="3" type="xdouble" value="-7.044913824445863E-5"/>
                <entry key="4" type="xdouble" value="0.008965129627795452"/>
                <entry key="5" type="xdouble" value="0.15944966227516252"/>
                <entry key="6" type="xdouble" value="0.30946861436144574"/>
                <entry key="7" type="xdouble" value="0.11387475551751353"/>
                <entry key="8" type="xdouble" value="-0.09233150372240545"/>
                <entry key="9" type="xdouble" value="-0.08843941399633251"/>
                <entry key="10" type="xdouble" value="0.19412417117637495"/>
                <entry key="11" type="xdouble" value="-0.6180255796553739"/>
                <entry key="12" type="xdouble" value="-0.1639671386508943"/>
                <entry key="13" type="xdouble" value="0.5912490557749969"/>
                <entry key="14" type="xdouble" value="-0.2304829700199869"/>
            </config>
            <config key="row_13">
                <entry key="array-size" type="xint" value="15"/>
                <entry key="0" type="xdouble" value="-0.02352148698821828"/>
                <entry key="1" type="xdouble" value="0.0077930686275171895"/>
                <entry key="2" type="xdouble" value="-0.006061112253863714"/>
                <entry key="3" type="xdouble" value="0.009527018092658908"/>
                <entry key="4" type="xdouble" value="-0.019099291620237283"/>
                <entry key="5" type="xdouble" value="-0.0859911219347717"/>
                <entry key="6" type="xdouble" value="-0.32856604687900304"/>
                <entry key="7" type="xdouble" value="-0.44416330004552257"/>
                <entry key="8" type="xdouble" value="-0.4023610351418587"/>
                <entry key="9" type="xdouble" value="-0.10105290241877267"/>
                <entry key="10" type="xdouble" value="0.0661428258298864"/>
                <entry key="11" type="xdouble" value="-0.10896369982121523"/>
                <entry key="12" type="xdouble" value="0.6644591273495538"/>
                <entry key="13" type="xdouble" value="0.20667179729373258"/>
                <entry key="14" type="xdouble" value="-0.11700149411349295"/>
            </config>
            <config key="row_14">
                <entry key="array-size" type="xint" value="15"/>
                <entry key="0" type="xdouble" value="9.340376338062736E-4"/>
                <entry key="1" type="xdouble" value="2.571451634478774E-4"/>
                <entry key="2" type="xdouble" value="3.113865034881175E-4"/>
                <entry key="3" type="xdouble" value="2.7892367788314137E-4"/>
                <entry key="4" type="xdouble" value="9.473358015359986E-4"/>
                <entry key="5" type="xdouble" value="-0.10109046071589474"/>
                <entry key="6" type="xdouble" value="-0.17316014095955493"/>
                <entry key="7" type="xdouble" value="-0.1850685526009993"/>
                <entry key="8" type="xdouble" value="-0.1742943742481908"/>
                <entry key="9" type="xdouble" value="-0.10168839233267084"/>
                <entry key="10" type="xdouble" value="-0.16509951253922076"/>
                <entry key="11" type="xdouble" value="0.5620946351617873"/>
                <entry key="12" type="xdouble" value="-0.4400972540302677"/>
                <entry key="13" type="xdouble" value="0.5658247108155943"/>
                <entry key="14" type="xdouble" value="-0.16665359910785418"/>
            </config>
        </config>
    </config>
</config>
