<?xml version="1.0" encoding="UTF-8"?>
<config xmlns="http://www.knime.org/2008/09/XMLConfig" xmlns:xsi="http://www.w3.org/2001/XMLSchema-instance" xsi:schemaLocation="http://www.knime.org/2008/09/XMLConfig http://www.knime.org/XMLConfig_2008_09.xsd" key="model.xml">
    <entry key="version" type="xint" value="1"/>
    <entry key="class_name" type="xstring" value="org.knime.base.data.normalize.NormalizerPortObject"/>
    <config key="model">
        <config key="columns">
            <config key="n">
                <entry key="column_name" type="xstring" value="n"/>
                <entry key="column_scale" type="xdouble" value="0.5"/>
                <entry key="column_translate" type="xdouble" value="-1.0"/>
                <entry key="column_min" type="xdouble" value="0.0"/>
                <entry key="column_max" type="xdouble" value="1.0"/>
            </config>
            <config key="adirection">
                <entry key="column_name" type="xstring" value="adirection"/>
                <entry key="column_scale" type="xdouble" value="1.0"/>
                <entry key="column_translate" type="xdouble" value="0.0"/>
                <entry key="column_min" type="xdouble" value="0.0"/>
                <entry key="column_max" type="xdouble" value="1.0"/>
            </config>
            <config key="bdirection">
                <entry key="column_name" type="xstring" value="bdirection"/>
                <entry key="column_scale" type="xdouble" value="1.0"/>
                <entry key="column_translate" type="xdouble" value="0.0"/>
                <entry key="column_min" type="xdouble" value="0.0"/>
                <entry key="column_max" type="xdouble" value="1.0"/>
            </config>
            <config key="TM_Z">
                <entry key="column_name" type="xstring" value="TM_Z"/>
                <entry key="column_scale" type="xdouble" value="0.0196078431372549"/>
                <entry key="column_translate" type="xdouble" value="-0.43137254901960786"/>
                <entry key="column_min" type="xdouble" value="0.0"/>
                <entry key="column_max" type="xdouble" value="1.0"/>
            </config>
            <config key="TM_row">
                <entry key="column_name" type="xstring" value="TM_row"/>
                <entry key="column_scale" type="xdouble" value="0.5"/>
                <entry key="column_translate" type="xdouble" value="-2.0"/>
                <entry key="column_min" type="xdouble" value="0.0"/>
                <entry key="column_max" type="xdouble" value="1.0"/>
            </config>
            <config key="TM_group">
                <entry key="column_name" type="xstring" value="TM_group"/>
                <entry key="column_scale" type="xdouble" value="0.5"/>
                <entry key="column_translate" type="xdouble" value="-2.0"/>
                <entry key="column_min" type="xdouble" value="0.0"/>
                <entry key="column_max" type="xdouble" value="1.0"/>
            </config>
            <config key="TM_atomic_radius_calculated">
                <entry key="column_name" type="xstring" value="TM_atomic_radius_calculated"/>
                <entry key="column_scale" type="xdouble" value="2.9411764705882346"/>
                <entry key="column_translate" type="xdouble" value="-4.882352941176469"/>
                <entry key="column_min" type="xdouble" value="0.0"/>
                <entry key="column_max" type="xdouble" value="1.0"/>
            </config>
            <config key="TM_mendeleev_no">
                <entry key="column_name" type="xstring" value="TM_mendeleev_no"/>
                <entry key="column_scale" type="xdouble" value="0.16666666666666666"/>
                <entry key="column_translate" type="xdouble" value="-8.5"/>
                <entry key="column_min" type="xdouble" value="0.0"/>
                <entry key="column_max" type="xdouble" value="1.0"/>
            </config>
            <config key="TM_electrical_resistivity">
                <entry key="column_name" type="xstring" value="TM_electrical_resistivity"/>
                <entry key="column_scale" type="xdouble" value="3663003.6630036635"/>
                <entry key="column_translate" type="xdouble" value="-0.4652014652014653"/>
                <entry key="column_min" type="xdouble" value="0.0"/>
                <entry key="column_max" type="xdouble" value="1.0"/>
            </config>
            <config key="TM_poissons_ratio">
                <entry key="column_name" type="xstring" value="TM_poissons_ratio"/>
                <entry key="column_scale" type="xdouble" value="6.25"/>
                <entry key="column_translate" type="xdouble" value="-1.3125"/>
                <entry key="column_min" type="xdouble" value="0.0"/>
                <entry key="column_max" type="xdouble" value="1.0"/>
            </config>
            <config key="TM_molar_volume">
                <entry key="column_name" type="xstring" value="TM_molar_volume"/>
                <entry key="column_scale" type="xdouble" value="0.276243093922652"/>
                <entry key="column_translate" type="xdouble" value="-1.9972375690607742"/>
                <entry key="column_min" type="xdouble" value="0.0"/>
                <entry key="column_max" type="xdouble" value="1.0"/>
            </config>
            <config key="TM_thermal_conductivity">
                <entry key="column_name" type="xstring" value="TM_thermal_conductivity"/>
                <entry key="column_scale" type="xdouble" value="0.013888888888888888"/>
                <entry key="column_translate" type="xdouble" value="-0.3055555555555555"/>
                <entry key="column_min" type="xdouble" value="0.0"/>
                <entry key="column_max" type="xdouble" value="1.0"/>
            </config>
            <config key="TM_boiling_point">
                <entry key="column_name" type="xstring" value="TM_boiling_point"/>
                <entry key="column_scale" type="xdouble" value="3.588087549336204E-4"/>
                <entry key="column_translate" type="xdouble" value="-1.0563329745245784"/>
                <entry key="column_min" type="xdouble" value="0.0"/>
                <entry key="column_max" type="xdouble" value="1.0"/>
            </config>
            <config key="TM_melting_point">
                <entry key="column_name" type="xstring" value="TM_melting_point"/>
                <entry key="column_scale" type="xdouble" value="7.412898443291327E-4"/>
                <entry key="column_translate" type="xdouble" value="-1.4388435878428465"/>
                <entry key="column_min" type="xdouble" value="0.0"/>
                <entry key="column_max" type="xdouble" value="1.0"/>
            </config>
            <config key="TM_liquid_range">
                <entry key="column_name" type="xstring" value="TM_liquid_range"/>
                <entry key="column_scale" type="xdouble" value="5.963029218843172E-4"/>
                <entry key="column_translate" type="xdouble" value="-0.45557543231961833"/>
                <entry key="column_min" type="xdouble" value="0.0"/>
                <entry key="column_max" type="xdouble" value="1.0"/>
            </config>
            <config key="TM_bulk_modulus">
                <entry key="column_name" type="xstring" value="TM_bulk_modulus"/>
                <entry key="column_scale" type="xdouble" value="0.011111111111111112"/>
                <entry key="column_translate" type="xdouble" value="-1.2222222222222223"/>
                <entry key="column_min" type="xdouble" value="0.0"/>
                <entry key="column_max" type="xdouble" value="1.0"/>
            </config>
            <config key="TM_youngs_modulus">
                <entry key="column_name" type="xstring" value="TM_youngs_modulus"/>
                <entry key="column_scale" type="xdouble" value="0.006134969325153374"/>
                <entry key="column_translate" type="xdouble" value="-0.7116564417177914"/>
                <entry key="column_min" type="xdouble" value="0.0"/>
                <entry key="column_max" type="xdouble" value="1.0"/>
            </config>
            <config key="TM_brinell_hardness">
                <entry key="column_name" type="xstring" value="TM_brinell_hardness"/>
                <entry key="column_scale" type="xdouble" value="0.0020325203252032522"/>
                <entry key="column_translate" type="xdouble" value="-1.2764227642276424"/>
                <entry key="column_min" type="xdouble" value="0.0"/>
                <entry key="column_max" type="xdouble" value="1.0"/>
            </config>
            <config key="TM_rigidity_modulus">
                <entry key="column_name" type="xstring" value="TM_rigidity_modulus"/>
                <entry key="column_scale" type="xdouble" value="0.014084507042253521"/>
                <entry key="column_translate" type="xdouble" value="-0.619718309859155"/>
                <entry key="column_min" type="xdouble" value="0.0"/>
                <entry key="column_max" type="xdouble" value="1.0"/>
            </config>
            <config key="TM_mineral_hardness">
                <entry key="column_name" type="xstring" value="TM_mineral_hardness"/>
                <entry key="column_scale" type="xdouble" value="0.4"/>
                <entry key="column_translate" type="xdouble" value="-2.4000000000000004"/>
                <entry key="column_min" type="xdouble" value="0.0"/>
                <entry key="column_max" type="xdouble" value="1.0"/>
            </config>
            <config key="TM_vickers_hardness">
                <entry key="column_name" type="xstring" value="TM_vickers_hardness"/>
                <entry key="column_scale" type="xdouble" value="0.0023148148148148147"/>
                <entry key="column_translate" type="xdouble" value="-1.4537037037037037"/>
                <entry key="column_min" type="xdouble" value="0.0"/>
                <entry key="column_max" type="xdouble" value="1.0"/>
            </config>
            <config key="TM_density_of_solid">
                <entry key="column_name" type="xstring" value="TM_density_of_solid"/>
                <entry key="column_scale" type="xdouble" value="8.23519723297373E-5"/>
                <entry key="column_translate" type="xdouble" value="-0.371160339290126"/>
                <entry key="column_min" type="xdouble" value="0.0"/>
                <entry key="column_max" type="xdouble" value="1.0"/>
            </config>
            <config key="TM_coefficient_of_linear_thermal_expansion">
                <entry key="column_name" type="xstring" value="TM_coefficient_of_linear_thermal_expansion"/>
                <entry key="column_scale" type="xdouble" value="270270.2702702702"/>
                <entry key="column_translate" type="xdouble" value="-1.324324324324324"/>
                <entry key="column_min" type="xdouble" value="0.0"/>
                <entry key="column_max" type="xdouble" value="1.0"/>
            </config>
            <config key="TM_ionization_energies">
                <entry key="column_name" type="xstring" value="TM_ionization_energies"/>
                <entry key="column_scale" type="xdouble" value="1.2447347719147999"/>
                <entry key="column_translate" type="xdouble" value="-8.397213536739589"/>
                <entry key="column_min" type="xdouble" value="0.0"/>
                <entry key="column_max" type="xdouble" value="1.0"/>
            </config>
            <config key="TM_atomic_mass">
                <entry key="column_name" type="xstring" value="TM_atomic_mass"/>
                <entry key="column_scale" type="xdouble" value="0.0075142274382315475"/>
                <entry key="column_translate" type="xdouble" value="-0.3596835247858295"/>
                <entry key="column_min" type="xdouble" value="0.0"/>
                <entry key="column_max" type="xdouble" value="1.0"/>
            </config>
            <config key="TM_atomic_radius">
                <entry key="column_name" type="xstring" value="TM_atomic_radius"/>
                <entry key="column_scale" type="xdouble" value="10.000000000000014"/>
                <entry key="column_translate" type="xdouble" value="-13.50000000000002"/>
                <entry key="column_min" type="xdouble" value="0.0"/>
                <entry key="column_max" type="xdouble" value="1.0"/>
            </config>
            <config key="TM_average_anionic_radius">
                <entry key="column_name" type="xstring" value="TM_average_anionic_radius"/>
                <entry key="column_scale" type="xdouble" value="1.0"/>
                <entry key="column_translate" type="xdouble" value="0.0"/>
                <entry key="column_min" type="xdouble" value="0.0"/>
                <entry key="column_max" type="xdouble" value="1.0"/>
            </config>
            <config key="TM_average_cationic_radius">
                <entry key="column_name" type="xstring" value="TM_average_cationic_radius"/>
                <entry key="column_scale" type="xdouble" value="6.153846153846155"/>
                <entry key="column_translate" type="xdouble" value="-4.784615384615385"/>
                <entry key="column_min" type="xdouble" value="0.0"/>
                <entry key="column_max" type="xdouble" value="1.0"/>
            </config>
            <config key="TM_average_ionic_radius">
                <entry key="column_name" type="xstring" value="TM_average_ionic_radius"/>
                <entry key="column_scale" type="xdouble" value="6.153846153846155"/>
                <entry key="column_translate" type="xdouble" value="-4.784615384615385"/>
                <entry key="column_min" type="xdouble" value="0.0"/>
                <entry key="column_max" type="xdouble" value="1.0"/>
            </config>
            <config key="TM_electron_affinity">
                <entry key="column_name" type="xstring" value="TM_electron_affinity"/>
                <entry key="column_scale" type="xdouble" value="1.665844294866434"/>
                <entry key="column_translate" type="xdouble" value="-0.12584620725568477"/>
                <entry key="column_min" type="xdouble" value="0.0"/>
                <entry key="column_max" type="xdouble" value="1.0"/>
            </config>
            <config key="A_Z">
                <entry key="column_name" type="xstring" value="A_Z"/>
                <entry key="column_scale" type="xdouble" value="0.02702702702702703"/>
                <entry key="column_translate" type="xdouble" value="-0.35135135135135137"/>
                <entry key="column_min" type="xdouble" value="0.0"/>
                <entry key="column_max" type="xdouble" value="1.0"/>
            </config>
            <config key="A_row">
                <entry key="column_name" type="xstring" value="A_row"/>
                <entry key="column_scale" type="xdouble" value="0.5"/>
                <entry key="column_translate" type="xdouble" value="-1.5"/>
                <entry key="column_min" type="xdouble" value="0.0"/>
                <entry key="column_max" type="xdouble" value="1.0"/>
            </config>
            <config key="A_group">
                <entry key="column_name" type="xstring" value="A_group"/>
                <entry key="column_scale" type="xdouble" value="0.3333333333333333"/>
                <entry key="column_translate" type="xdouble" value="-4.0"/>
                <entry key="column_min" type="xdouble" value="0.0"/>
                <entry key="column_max" type="xdouble" value="1.0"/>
            </config>
            <config key="A_atomic_radius_calculated">
                <entry key="column_name" type="xstring" value="A_atomic_radius_calculated"/>
                <entry key="column_scale" type="xdouble" value="2.0"/>
                <entry key="column_translate" type="xdouble" value="-2.22"/>
                <entry key="column_min" type="xdouble" value="0.0"/>
                <entry key="column_max" type="xdouble" value="1.0"/>
            </config>
            <config key="A_mendeleev_no">
                <entry key="column_name" type="xstring" value="A_mendeleev_no"/>
                <entry key="column_scale" type="xdouble" value="0.07142857142857142"/>
                <entry key="column_translate" type="xdouble" value="-5.357142857142857"/>
                <entry key="column_min" type="xdouble" value="0.0"/>
                <entry key="column_max" type="xdouble" value="1.0"/>
            </config>
            <config key="A_electrical_resistivity">
                <entry key="column_name" type="xstring" value="A_electrical_resistivity"/>
                <entry key="column_scale" type="xdouble" value="1000.0270007290197"/>
                <entry key="column_translate" type="xdouble" value="-2.7000729019683534E-5"/>
                <entry key="column_min" type="xdouble" value="0.0"/>
                <entry key="column_max" type="xdouble" value="1.0"/>
            </config>
            <config key="A_molar_volume">
                <entry key="column_name" type="xstring" value="A_molar_volume"/>
                <entry key="column_scale" type="xdouble" value="0.15898251192368842"/>
                <entry key="column_translate" type="xdouble" value="-1.5898251192368842"/>
                <entry key="column_min" type="xdouble" value="0.0"/>
                <entry key="column_max" type="xdouble" value="1.0"/>
            </config>
            <config key="A_thermal_conductivity">
                <entry key="column_name" type="xstring" value="A_thermal_conductivity"/>
                <entry key="column_scale" type="xdouble" value="0.0048543689320388345"/>
                <entry key="column_translate" type="xdouble" value="-0.1407766990291262"/>
                <entry key="column_min" type="xdouble" value="0.0"/>
                <entry key="column_max" type="xdouble" value="1.0"/>
            </config>
            <config key="A_boiling_point">
                <entry key="column_name" type="xstring" value="A_boiling_point"/>
                <entry key="column_scale" type="xdouble" value="4.374453193350831E-4"/>
                <entry key="column_translate" type="xdouble" value="-0.3880139982502187"/>
                <entry key="column_min" type="xdouble" value="0.0"/>
                <entry key="column_max" type="xdouble" value="1.0"/>
            </config>
            <config key="A_melting_point">
                <entry key="column_name" type="xstring" value="A_melting_point"/>
                <entry key="column_scale" type="xdouble" value="7.224963694557435E-4"/>
                <entry key="column_translate" type="xdouble" value="-0.2188513752718393"/>
                <entry key="column_min" type="xdouble" value="0.0"/>
                <entry key="column_max" type="xdouble" value="1.0"/>
            </config>
            <config key="A_liquid_range">
                <entry key="column_name" type="xstring" value="A_liquid_range"/>
                <entry key="column_scale" type="xdouble" value="4.6148450335037745E-4"/>
                <entry key="column_translate" type="xdouble" value="-0.09368135418012662"/>
                <entry key="column_min" type="xdouble" value="0.0"/>
                <entry key="column_max" type="xdouble" value="1.0"/>
            </config>
            <config key="A_mineral_hardness">
                <entry key="column_name" type="xstring" value="A_mineral_hardness"/>
                <entry key="column_scale" type="xdouble" value="0.18867924528301888"/>
                <entry key="column_translate" type="xdouble" value="-0.22641509433962265"/>
                <entry key="column_min" type="xdouble" value="0.0"/>
                <entry key="column_max" type="xdouble" value="1.0"/>
            </config>
            <config key="A_density_of_solid">
                <entry key="column_name" type="xstring" value="A_density_of_solid"/>
                <entry key="column_scale" type="xdouble" value="1.5822784810126583E-4"/>
                <entry key="column_translate" type="xdouble" value="-0.3686708860759494"/>
                <entry key="column_min" type="xdouble" value="0.0"/>
                <entry key="column_max" type="xdouble" value="1.0"/>
            </config>
            <config key="A_ionization_energies">
                <entry key="column_name" type="xstring" value="A_ionization_energies"/>
                <entry key="column_scale" type="xdouble" value="0.24986293144238392"/>
                <entry key="column_translate" type="xdouble" value="-1.4457957975703473"/>
                <entry key="column_min" type="xdouble" value="0.0"/>
                <entry key="column_max" type="xdouble" value="1.0"/>
            </config>
            <config key="A_atomic_mass">
                <entry key="column_name" type="xstring" value="A_atomic_mass"/>
                <entry key="column_scale" type="xdouble" value="0.010901741779351378"/>
                <entry key="column_translate" type="xdouble" value="-0.2941457666268019"/>
                <entry key="column_min" type="xdouble" value="0.0"/>
                <entry key="column_max" type="xdouble" value="1.0"/>
            </config>
            <config key="A_atomic_radius">
                <entry key="column_name" type="xstring" value="A_atomic_radius"/>
                <entry key="column_scale" type="xdouble" value="2.2222222222222223"/>
                <entry key="column_translate" type="xdouble" value="-2.4444444444444446"/>
                <entry key="column_min" type="xdouble" value="0.0"/>
                <entry key="column_max" type="xdouble" value="1.0"/>
            </config>
            <config key="A_average_anionic_radius">
                <entry key="column_name" type="xstring" value="A_average_anionic_radius"/>
                <entry key="column_scale" type="xdouble" value="1.0"/>
                <entry key="column_translate" type="xdouble" value="0.0"/>
                <entry key="column_min" type="xdouble" value="0.0"/>
                <entry key="column_max" type="xdouble" value="1.0"/>
            </config>
            <config key="A_average_cationic_radius">
                <entry key="column_name" type="xstring" value="A_average_cationic_radius"/>
                <entry key="column_scale" type="xdouble" value="1.8181818181818181"/>
                <entry key="column_translate" type="xdouble" value="-0.9818181818181818"/>
                <entry key="column_min" type="xdouble" value="0.0"/>
                <entry key="column_max" type="xdouble" value="1.0"/>
            </config>
            <config key="A_average_ionic_radius">
                <entry key="column_name" type="xstring" value="A_average_ionic_radius"/>
                <entry key="column_scale" type="xdouble" value="1.8181818181818181"/>
                <entry key="column_translate" type="xdouble" value="-0.9818181818181818"/>
                <entry key="column_min" type="xdouble" value="0.0"/>
                <entry key="column_max" type="xdouble" value="1.0"/>
            </config>
            <config key="A_electron_affinity">
                <entry key="column_name" type="xstring" value="A_electron_affinity"/>
                <entry key="column_scale" type="xdouble" value="0.47404120047558845"/>
                <entry key="column_translate" type="xdouble" value="0.34130966434242366"/>
                <entry key="column_min" type="xdouble" value="0.0"/>
                <entry key="column_max" type="xdouble" value="1.0"/>
            </config>
            <config key="X_Z">
                <entry key="column_name" type="xstring" value="X_Z"/>
                <entry key="column_scale" type="xdouble" value="1.0"/>
                <entry key="column_translate" type="xdouble" value="-6.0"/>
                <entry key="column_min" type="xdouble" value="0.0"/>
                <entry key="column_max" type="xdouble" value="1.0"/>
            </config>
            <config key="X_row">
                <entry key="column_name" type="xstring" value="X_row"/>
                <entry key="column_scale" type="xdouble" value="1.0"/>
                <entry key="column_translate" type="xdouble" value="-2.0"/>
                <entry key="column_min" type="xdouble" value="0.0"/>
                <entry key="column_max" type="xdouble" value="1.0"/>
            </config>
            <config key="X_group">
                <entry key="column_name" type="xstring" value="X_group"/>
                <entry key="column_scale" type="xdouble" value="1.0"/>
                <entry key="column_translate" type="xdouble" value="-14.0"/>
                <entry key="column_min" type="xdouble" value="0.0"/>
                <entry key="column_max" type="xdouble" value="1.0"/>
            </config>
            <config key="X_atomic_radius_calculated">
                <entry key="column_name" type="xstring" value="X_atomic_radius_calculated"/>
                <entry key="column_scale" type="xdouble" value="9.090909090909092"/>
                <entry key="column_translate" type="xdouble" value="-5.090909090909092"/>
                <entry key="column_min" type="xdouble" value="0.0"/>
                <entry key="column_max" type="xdouble" value="1.0"/>
            </config>
            <config key="X_mendeleev_no">
                <entry key="column_name" type="xstring" value="X_mendeleev_no"/>
                <entry key="column_scale" type="xdouble" value="0.2"/>
                <entry key="column_translate" type="xdouble" value="-19.0"/>
                <entry key="column_min" type="xdouble" value="0.0"/>
                <entry key="column_max" type="xdouble" value="1.0"/>
            </config>
            <config key="X_refractive_index">
                <entry key="column_name" type="xstring" value="X_refractive_index"/>
                <entry key="column_scale" type="xdouble" value="0.7058647478439362"/>
                <entry key="column_translate" type="xdouble" value="-0.7060750955387936"/>
                <entry key="column_min" type="xdouble" value="0.0"/>
                <entry key="column_max" type="xdouble" value="1.0"/>
            </config>
            <config key="X_molar_volume">
                <entry key="column_name" type="xstring" value="X_molar_volume"/>
                <entry key="column_scale" type="xdouble" value="0.12121212121212122"/>
                <entry key="column_translate" type="xdouble" value="-0.6412121212121212"/>
                <entry key="column_min" type="xdouble" value="0.0"/>
                <entry key="column_max" type="xdouble" value="1.0"/>
            </config>
            <config key="X_thermal_conductivity">
                <entry key="column_name" type="xstring" value="X_thermal_conductivity"/>
                <entry key="column_scale" type="xdouble" value="0.007144175243189512"/>
                <entry key="column_translate" type="xdouble" value="-1.845340465315851E-4"/>
                <entry key="column_min" type="xdouble" value="0.0"/>
                <entry key="column_max" type="xdouble" value="1.0"/>
            </config>
            <config key="X_boiling_point">
                <entry key="column_name" type="xstring" value="X_boiling_point"/>
                <entry key="column_scale" type="xdouble" value="2.3681867267870334E-4"/>
                <entry key="column_translate" type="xdouble" value="-0.01832029251842449"/>
                <entry key="column_min" type="xdouble" value="0.0"/>
                <entry key="column_max" type="xdouble" value="1.0"/>
            </config>
            <config key="X_melting_point">
                <entry key="column_name" type="xstring" value="X_melting_point"/>
                <entry key="column_scale" type="xdouble" value="2.6759790738436427E-4"/>
                <entry key="column_translate" type="xdouble" value="-0.016872048060584167"/>
                <entry key="column_min" type="xdouble" value="0.0"/>
                <entry key="column_max" type="xdouble" value="1.0"/>
            </config>
            <config key="X_liquid_range">
                <entry key="column_name" type="xstring" value="X_liquid_range"/>
                <entry key="column_scale" type="xdouble" value="0.0020589264757355516"/>
                <entry key="column_translate" type="xdouble" value="-0.029463237867775743"/>
                <entry key="column_min" type="xdouble" value="0.0"/>
                <entry key="column_max" type="xdouble" value="1.0"/>
            </config>
            <config key="X_ionization_energies">
                <entry key="column_name" type="xstring" value="X_ionization_energies"/>
                <entry key="column_scale" type="xdouble" value="0.3054515153755129"/>
                <entry key="column_translate" type="xdouble" value="-3.4394720331647033"/>
                <entry key="column_min" type="xdouble" value="0.0"/>
                <entry key="column_max" type="xdouble" value="1.0"/>
            </config>
            <config key="X_atomic_mass">
                <entry key="column_name" type="xstring" value="X_atomic_mass"/>
                <entry key="column_scale" type="xdouble" value="0.5010020040080159"/>
                <entry key="column_translate" type="xdouble" value="-6.017384769539076"/>
                <entry key="column_min" type="xdouble" value="0.0"/>
                <entry key="column_max" type="xdouble" value="1.0"/>
            </config>
            <config key="X_atomic_radius">
                <entry key="column_name" type="xstring" value="X_atomic_radius"/>
                <entry key="column_scale" type="xdouble" value="20.00000000000003"/>
                <entry key="column_translate" type="xdouble" value="-13.00000000000002"/>
                <entry key="column_min" type="xdouble" value="0.0"/>
                <entry key="column_max" type="xdouble" value="1.0"/>
            </config>
            <config key="X_average_anionic_radius">
                <entry key="column_name" type="xstring" value="X_average_anionic_radius"/>
                <entry key="column_scale" type="xdouble" value="0.7575757575757576"/>
                <entry key="column_translate" type="xdouble" value="0.0"/>
                <entry key="column_min" type="xdouble" value="0.0"/>
                <entry key="column_max" type="xdouble" value="1.0"/>
            </config>
            <config key="X_average_cationic_radius">
                <entry key="column_name" type="xstring" value="X_average_cationic_radius"/>
                <entry key="column_scale" type="xdouble" value="66.66666666666661"/>
                <entry key="column_translate" type="xdouble" value="-18.999999999999982"/>
                <entry key="column_min" type="xdouble" value="0.0"/>
                <entry key="column_max" type="xdouble" value="1.0"/>
            </config>
            <config key="X_average_ionic_radius">
                <entry key="column_name" type="xstring" value="X_average_ionic_radius"/>
                <entry key="column_scale" type="xdouble" value="3.0303030303030303"/>
                <entry key="column_translate" type="xdouble" value="-0.9090909090909091"/>
                <entry key="column_min" type="xdouble" value="0.0"/>
                <entry key="column_max" type="xdouble" value="1.0"/>
            </config>
            <config key="X_electron_affinity">
                <entry key="column_name" type="xstring" value="X_electron_affinity"/>
                <entry key="column_scale" type="xdouble" value="0.750686721456608"/>
                <entry key="column_translate" type="xdouble" value="0.052548070501962564"/>
                <entry key="column_min" type="xdouble" value="0.0"/>
                <entry key="column_max" type="xdouble" value="1.0"/>
            </config>
            <config key="mean_Z">
                <entry key="column_name" type="xstring" value="mean_Z"/>
                <entry key="column_scale" type="xdouble" value="0.028268551236749116"/>
                <entry key="column_translate" type="xdouble" value="-0.4204946996466431"/>
                <entry key="column_min" type="xdouble" value="0.0"/>
                <entry key="column_max" type="xdouble" value="1.0"/>
            </config>
            <config key="stddev_Z">
                <entry key="column_name" type="xstring" value="stddev_Z"/>
                <entry key="column_scale" type="xdouble" value="0.037977521565723336"/>
                <entry key="column_translate" type="xdouble" value="-0.24168746728603188"/>
                <entry key="column_min" type="xdouble" value="0.0"/>
                <entry key="column_max" type="xdouble" value="1.0"/>
            </config>
            <config key="mean_row">
                <entry key="column_name" type="xstring" value="mean_row"/>
                <entry key="column_scale" type="xdouble" value="0.6153846153846154"/>
                <entry key="column_translate" type="xdouble" value="-1.9230769230769231"/>
                <entry key="column_min" type="xdouble" value="0.0"/>
                <entry key="column_max" type="xdouble" value="1.0"/>
            </config>
            <config key="stddev_row">
                <entry key="column_name" type="xstring" value="stddev_row"/>
                <entry key="column_scale" type="xdouble" value="0.9339864699157845"/>
                <entry key="column_translate" type="xdouble" value="-0.7744206699948046"/>
                <entry key="column_min" type="xdouble" value="0.0"/>
                <entry key="column_max" type="xdouble" value="1.0"/>
            </config>
            <config key="mean_group">
                <entry key="column_name" type="xstring" value="mean_group"/>
                <entry key="column_scale" type="xdouble" value="0.5714285714285714"/>
                <entry key="column_translate" type="xdouble" value="-5.0"/>
                <entry key="column_min" type="xdouble" value="0.0"/>
                <entry key="column_max" type="xdouble" value="1.0"/>
            </config>
            <config key="stddev_group">
                <entry key="column_name" type="xstring" value="stddev_group"/>
                <entry key="column_scale" type="xdouble" value="0.6183970372236942"/>
                <entry key="column_translate" type="xdouble" value="-2.329272704513669"/>
                <entry key="column_min" type="xdouble" value="0.0"/>
                <entry key="column_max" type="xdouble" value="1.0"/>
            </config>
            <config key="mean_atomic_radius_calculated">
                <entry key="column_name" type="xstring" value="mean_atomic_radius_calculated"/>
                <entry key="column_scale" type="xdouble" value="2.6402640264026394"/>
                <entry key="column_translate" type="xdouble" value="-3.112211221122111"/>
                <entry key="column_min" type="xdouble" value="0.0"/>
                <entry key="column_max" type="xdouble" value="1.0"/>
            </config>
            <config key="stddev_atomic_radius_calculated">
                <entry key="column_name" type="xstring" value="stddev_atomic_radius_calculated"/>
                <entry key="column_scale" type="xdouble" value="4.065016811439582"/>
                <entry key="column_translate" type="xdouble" value="-1.6437892097278712"/>
                <entry key="column_min" type="xdouble" value="0.0"/>
                <entry key="column_max" type="xdouble" value="1.0"/>
            </config>
            <config key="mean_mendeleev_no">
                <entry key="column_name" type="xstring" value="mean_mendeleev_no"/>
                <entry key="column_scale" type="xdouble" value="0.13043478260869582"/>
                <entry key="column_translate" type="xdouble" value="-9.00000000000001"/>
                <entry key="column_min" type="xdouble" value="0.0"/>
                <entry key="column_max" type="xdouble" value="1.0"/>
            </config>
            <config key="stddev_mendeleev_no">
                <entry key="column_name" type="xstring" value="stddev_mendeleev_no"/>
                <entry key="column_scale" type="xdouble" value="0.14532057601412082"/>
                <entry key="column_translate" type="xdouble" value="-2.346319846993631"/>
                <entry key="column_min" type="xdouble" value="0.0"/>
                <entry key="column_max" type="xdouble" value="1.0"/>
            </config>
            <config key="mean_molar_volume">
                <entry key="column_name" type="xstring" value="mean_molar_volume"/>
                <entry key="column_scale" type="xdouble" value="0.17252533965926248"/>
                <entry key="column_translate" type="xdouble" value="-1.181582919991374"/>
                <entry key="column_min" type="xdouble" value="0.0"/>
                <entry key="column_max" type="xdouble" value="1.0"/>
            </config>
            <config key="stddev_molar_volume">
                <entry key="column_name" type="xstring" value="stddev_molar_volume"/>
                <entry key="column_scale" type="xdouble" value="0.36013674273568924"/>
                <entry key="column_translate" type="xdouble" value="-0.42743771138367975"/>
                <entry key="column_min" type="xdouble" value="0.0"/>
                <entry key="column_max" type="xdouble" value="1.0"/>
            </config>
            <config key="mean_thermal_conductivity">
                <entry key="column_name" type="xstring" value="mean_thermal_conductivity"/>
                <entry key="column_scale" type="xdouble" value="0.008005888704750483"/>
                <entry key="column_translate" type="xdouble" value="-0.12682883519363053"/>
                <entry key="column_min" type="xdouble" value="0.0"/>
                <entry key="column_max" type="xdouble" value="1.0"/>
            </config>
            <config key="stddev_thermal_conductivity">
                <entry key="column_name" type="xstring" value="stddev_thermal_conductivity"/>
                <entry key="column_scale" type="xdouble" value="0.011776102223185278"/>
                <entry key="column_translate" type="xdouble" value="-0.12843615828538238"/>
                <entry key="column_min" type="xdouble" value="0.0"/>
                <entry key="column_max" type="xdouble" value="1.0"/>
            </config>
            <config key="mean_boiling_point">
                <entry key="column_name" type="xstring" value="mean_boiling_point"/>
                <entry key="column_scale" type="xdouble" value="3.096929239812264E-4"/>
                <entry key="column_translate" type="xdouble" value="-0.5096368695619857"/>
                <entry key="column_min" type="xdouble" value="0.0"/>
                <entry key="column_max" type="xdouble" value="1.0"/>
            </config>
            <config key="stddev_boiling_point">
                <entry key="column_name" type="xstring" value="stddev_boiling_point"/>
                <entry key="column_scale" type="xdouble" value="4.659983724685631E-4"/>
                <entry key="column_translate" type="xdouble" value="-0.18408418523834305"/>
                <entry key="column_min" type="xdouble" value="0.0"/>
                <entry key="column_max" type="xdouble" value="1.0"/>
            </config>
            <config key="mean_melting_point">
                <entry key="column_name" type="xstring" value="mean_melting_point"/>
                <entry key="column_scale" type="xdouble" value="4.4665322736733664E-4"/>
                <entry key="column_translate" type="xdouble" value="-0.4654134073388104"/>
                <entry key="column_min" type="xdouble" value="0.0"/>
                <entry key="column_max" type="xdouble" value="1.0"/>
            </config>
            <config key="stddev_melting_point">
                <entry key="column_name" type="xstring" value="stddev_melting_point"/>
                <entry key="column_scale" type="xdouble" value="0.0011768043790537281"/>
                <entry key="column_translate" type="xdouble" value="-0.7614345927571347"/>
                <entry key="column_min" type="xdouble" value="0.0"/>
                <entry key="column_max" type="xdouble" value="1.0"/>
            </config>
            <config key="mean_liquid_range">
                <entry key="column_name" type="xstring" value="mean_liquid_range"/>
                <entry key="column_scale" type="xdouble" value="6.810044588766945E-4"/>
                <entry key="column_translate" type="xdouble" value="-0.2864327454184006"/>
                <entry key="column_min" type="xdouble" value="0.0"/>
                <entry key="column_max" type="xdouble" value="1.0"/>
            </config>
            <config key="stddev_liquid_range">
                <entry key="column_name" type="xstring" value="stddev_liquid_range"/>
                <entry key="column_scale" type="xdouble" value="0.001158200715142103"/>
                <entry key="column_translate" type="xdouble" value="-0.2680557597999398"/>
                <entry key="column_min" type="xdouble" value="0.0"/>
                <entry key="column_max" type="xdouble" value="1.0"/>
            </config>
            <config key="mean_ionization_energies">
                <entry key="column_name" type="xstring" value="mean_ionization_energies"/>
                <entry key="column_scale" type="xdouble" value="0.4145581934664945"/>
                <entry key="column_translate" type="xdouble" value="-3.1650500019883245"/>
                <entry key="column_min" type="xdouble" value="0.0"/>
                <entry key="column_max" type="xdouble" value="1.0"/>
            </config>
            <config key="stddev_ionization_energies">
                <entry key="column_name" type="xstring" value="stddev_ionization_energies"/>
                <entry key="column_scale" type="xdouble" value="0.4281678898616491"/>
                <entry key="column_translate" type="xdouble" value="-0.6592200145187167"/>
                <entry key="column_min" type="xdouble" value="0.0"/>
                <entry key="column_max" type="xdouble" value="1.0"/>
            </config>
            <config key="mean_atomic_mass">
                <entry key="column_name" type="xstring" value="mean_atomic_mass"/>
                <entry key="column_scale" type="xdouble" value="0.01106550767347077"/>
                <entry key="column_translate" type="xdouble" value="-0.3519960655857144"/>
                <entry key="column_min" type="xdouble" value="0.0"/>
                <entry key="column_max" type="xdouble" value="1.0"/>
            </config>
            <config key="stddev_atomic_mass">
                <entry key="column_name" type="xstring" value="stddev_atomic_mass"/>
                <entry key="column_scale" type="xdouble" value="0.014643521698134357"/>
                <entry key="column_translate" type="xdouble" value="-0.2113755476844069"/>
                <entry key="column_min" type="xdouble" value="0.0"/>
                <entry key="column_max" type="xdouble" value="1.0"/>
            </config>
            <config key="mean_atomic_radius">
                <entry key="column_name" type="xstring" value="mean_atomic_radius"/>
                <entry key="column_scale" type="xdouble" value="4.324324324324321"/>
                <entry key="column_translate" type="xdouble" value="-4.567567567567564"/>
                <entry key="column_min" type="xdouble" value="0.0"/>
                <entry key="column_max" type="xdouble" value="1.0"/>
            </config>
            <config key="stddev_atomic_radius">
                <entry key="column_name" type="xstring" value="stddev_atomic_radius"/>
                <entry key="column_scale" type="xdouble" value="8.70854169612564"/>
                <entry key="column_translate" type="xdouble" value="-2.314326701152377"/>
                <entry key="column_min" type="xdouble" value="0.0"/>
                <entry key="column_max" type="xdouble" value="1.0"/>
            </config>
            <config key="mean_average_anionic_radius">
                <entry key="column_name" type="xstring" value="mean_average_anionic_radius"/>
                <entry key="column_scale" type="xdouble" value="2.0202020202020203"/>
                <entry key="column_translate" type="xdouble" value="0.0"/>
                <entry key="column_min" type="xdouble" value="0.0"/>
                <entry key="column_max" type="xdouble" value="1.0"/>
            </config>
            <config key="stddev_average_anionic_radius">
                <entry key="column_name" type="xstring" value="stddev_average_anionic_radius"/>
                <entry key="column_scale" type="xdouble" value="1.5648417560434007"/>
                <entry key="column_translate" type="xdouble" value="0.0"/>
                <entry key="column_min" type="xdouble" value="0.0"/>
                <entry key="column_max" type="xdouble" value="1.0"/>
            </config>
            <config key="mean_average_cationic_radius">
                <entry key="column_name" type="xstring" value="mean_average_cationic_radius"/>
                <entry key="column_scale" type="xdouble" value="4.6920821114369495"/>
                <entry key="column_translate" type="xdouble" value="-2.642228739002932"/>
                <entry key="column_min" type="xdouble" value="0.0"/>
                <entry key="column_max" type="xdouble" value="1.0"/>
            </config>
            <config key="stddev_average_cationic_radius">
                <entry key="column_name" type="xstring" value="stddev_average_cationic_radius"/>
                <entry key="column_scale" type="xdouble" value="7.448759988138326"/>
                <entry key="column_translate" type="xdouble" value="-1.463508375961554"/>
                <entry key="column_min" type="xdouble" value="0.0"/>
                <entry key="column_max" type="xdouble" value="1.0"/>
            </config>
            <config key="mean_average_ionic_radius">
                <entry key="column_name" type="xstring" value="mean_average_ionic_radius"/>
                <entry key="column_scale" type="xdouble" value="3.5242290748898686"/>
                <entry key="column_translate" type="xdouble" value="-2.0396475770925115"/>
                <entry key="column_min" type="xdouble" value="0.0"/>
                <entry key="column_max" type="xdouble" value="1.0"/>
            </config>
            <config key="stddev_average_ionic_radius">
                <entry key="column_name" type="xstring" value="stddev_average_ionic_radius"/>
                <entry key="column_scale" type="xdouble" value="4.264024087616635"/>
                <entry key="column_translate" type="xdouble" value="-0.26333801165775533"/>
                <entry key="column_min" type="xdouble" value="0.0"/>
                <entry key="column_max" type="xdouble" value="1.0"/>
            </config>
            <config key="mean_electron_affinity">
                <entry key="column_name" type="xstring" value="mean_electron_affinity"/>
                <entry key="column_scale" type="xdouble" value="1.0623424253375093"/>
                <entry key="column_translate" type="xdouble" value="-0.06322345034471752"/>
                <entry key="column_min" type="xdouble" value="0.0"/>
                <entry key="column_max" type="xdouble" value="1.0"/>
            </config>
            <config key="stddev_electron_affinity">
                <entry key="column_name" type="xstring" value="stddev_electron_affinity"/>
                <entry key="column_scale" type="xdouble" value="1.700050197847166"/>
                <entry key="column_translate" type="xdouble" value="-0.21116896719222258"/>
                <entry key="column_min" type="xdouble" value="0.0"/>
                <entry key="column_max" type="xdouble" value="1.0"/>
            </config>
        </config>
        <entry key="summary" type="xstring" value="Min/Max (0.0, 1) normalization on 102 column(s)"/>
    </config>
</config>
