<?xml version="1.0" encoding="UTF-8"?>
<config xmlns="http://www.knime.org/2008/09/XMLConfig" xmlns:xsi="http://www.w3.org/2001/XMLSchema-instance" xsi:schemaLocation="http://www.knime.org/2008/09/XMLConfig http://www.knime.org/XMLConfig_2008_09.xsd" key="model.xml">
    <entry key="version" type="xint" value="1"/>
    <entry key="class_name" type="xstring" value="org.knime.base.data.normalize.NormalizerPortObject"/>
    <config key="model">
        <config key="columns">
            <config key="ZA">
                <entry key="column_name" type="xstring" value="ZA"/>
                <entry key="column_scale" type="xdouble" value="0.018867924528301886"/>
                <entry key="column_translate" type="xdouble" value="-0.05660377358490566"/>
                <entry key="column_min" type="xdouble" value="0.0"/>
                <entry key="column_max" type="xdouble" value="1.0"/>
            </config>
            <config key="ZB">
                <entry key="column_name" type="xstring" value="ZB"/>
                <entry key="column_scale" type="xdouble" value="0.02127659574468085"/>
                <entry key="column_translate" type="xdouble" value="-0.1276595744680851"/>
                <entry key="column_min" type="xdouble" value="0.0"/>
                <entry key="column_max" type="xdouble" value="1.0"/>
            </config>
            <config key="IP_A">
                <entry key="column_name" type="xstring" value="IP_A"/>
                <entry key="column_scale" type="xdouble" value="0.14607069821793747"/>
                <entry key="column_translate" type="xdouble" value="1.5851592170610576"/>
                <entry key="column_min" type="xdouble" value="0.0"/>
                <entry key="column_max" type="xdouble" value="1.0"/>
            </config>
            <config key="EA_A">
                <entry key="column_name" type="xstring" value="EA_A"/>
                <entry key="column_scale" type="xdouble" value="0.363901018922853"/>
                <entry key="column_translate" type="xdouble" value="0.6066229985443959"/>
                <entry key="column_min" type="xdouble" value="0.0"/>
                <entry key="column_max" type="xdouble" value="1.0"/>
            </config>
            <config key="EN_A">
                <entry key="column_name" type="xstring" value="EN_A"/>
                <entry key="column_scale" type="xdouble" value="0.27979854504756574"/>
                <entry key="column_translate" type="xdouble" value="-0.6401790710688303"/>
                <entry key="column_min" type="xdouble" value="0.0"/>
                <entry key="column_max" type="xdouble" value="1.0"/>
            </config>
            <config key="Highest_occ_A">
                <entry key="column_name" type="xstring" value="Highest_occ_A"/>
                <entry key="column_scale" type="xdouble" value="0.25018764073054794"/>
                <entry key="column_translate" type="xdouble" value="1.5554165624218166"/>
                <entry key="column_min" type="xdouble" value="0.0"/>
                <entry key="column_max" type="xdouble" value="1.0"/>
            </config>
            <config key="Lowest_unocc_A">
                <entry key="column_name" type="xstring" value="Lowest_unocc_A"/>
                <entry key="column_scale" type="xdouble" value="0.2282583884957772"/>
                <entry key="column_translate" type="xdouble" value="0.4868751426614928"/>
                <entry key="column_min" type="xdouble" value="0.0"/>
                <entry key="column_max" type="xdouble" value="1.0"/>
            </config>
            <config key="rs_A">
                <entry key="column_name" type="xstring" value="rs_A"/>
                <entry key="column_scale" type="xdouble" value="0.5494505494505495"/>
                <entry key="column_translate" type="xdouble" value="-0.35384615384615387"/>
                <entry key="column_min" type="xdouble" value="0.0"/>
                <entry key="column_max" type="xdouble" value="1.0"/>
            </config>
            <config key="rp_A">
                <entry key="column_name" type="xstring" value="rp_A"/>
                <entry key="column_scale" type="xdouble" value="0.3892565200467108"/>
                <entry key="column_translate" type="xdouble" value="-0.2452316076294278"/>
                <entry key="column_min" type="xdouble" value="0.0"/>
                <entry key="column_max" type="xdouble" value="1.0"/>
            </config>
            <config key="rd_A">
                <entry key="column_name" type="xstring" value="rd_A"/>
                <entry key="column_scale" type="xdouble" value="0.15997440409534475"/>
                <entry key="column_translate" type="xdouble" value="-0.1086226203807391"/>
                <entry key="column_min" type="xdouble" value="0.0"/>
                <entry key="column_max" type="xdouble" value="1.0"/>
            </config>
            <config key="IP_B">
                <entry key="column_name" type="xstring" value="IP_B"/>
                <entry key="column_scale" type="xdouble" value="0.0808996035919424"/>
                <entry key="column_translate" type="xdouble" value="1.5697759080980502"/>
                <entry key="column_min" type="xdouble" value="0.0"/>
                <entry key="column_max" type="xdouble" value="1.0"/>
            </config>
            <config key="EA_B">
                <entry key="column_name" type="xstring" value="EA_B"/>
                <entry key="column_scale" type="xdouble" value="0.2940311673037342"/>
                <entry key="column_translate" type="xdouble" value="1.256395177888856"/>
                <entry key="column_min" type="xdouble" value="0.0"/>
                <entry key="column_max" type="xdouble" value="1.0"/>
            </config>
            <config key="EN_B">
                <entry key="column_name" type="xstring" value="EN_B"/>
                <entry key="column_scale" type="xdouble" value="0.12823800974608873"/>
                <entry key="column_translate" type="xdouble" value="-0.5182097973839446"/>
                <entry key="column_min" type="xdouble" value="0.0"/>
                <entry key="column_max" type="xdouble" value="1.0"/>
            </config>
            <config key="Highest_occ_B">
                <entry key="column_name" type="xstring" value="Highest_occ_B"/>
                <entry key="column_scale" type="xdouble" value="0.1346257404415724"/>
                <entry key="column_translate" type="xdouble" value="1.5204631125471189"/>
                <entry key="column_min" type="xdouble" value="0.0"/>
                <entry key="column_max" type="xdouble" value="1.0"/>
            </config>
            <config key="Lowest_unocc_B">
                <entry key="column_name" type="xstring" value="Lowest_unocc_B"/>
                <entry key="column_scale" type="xdouble" value="0.3279763857002296"/>
                <entry key="column_translate" type="xdouble" value="-0.0026238110856018366"/>
                <entry key="column_min" type="xdouble" value="0.0"/>
                <entry key="column_max" type="xdouble" value="1.0"/>
            </config>
            <config key="rs_B">
                <entry key="column_name" type="xstring" value="rs_B"/>
                <entry key="column_scale" type="xdouble" value="1.5360983102918588"/>
                <entry key="column_translate" type="xdouble" value="-0.6236559139784947"/>
                <entry key="column_min" type="xdouble" value="0.0"/>
                <entry key="column_max" type="xdouble" value="1.0"/>
            </config>
            <config key="rp_B">
                <entry key="column_name" type="xstring" value="rp_B"/>
                <entry key="column_scale" type="xdouble" value="1.027749229188078"/>
                <entry key="column_translate" type="xdouble" value="-0.381294964028777"/>
                <entry key="column_min" type="xdouble" value="0.0"/>
                <entry key="column_max" type="xdouble" value="1.0"/>
            </config>
            <config key="rd_B">
                <entry key="column_name" type="xstring" value="rd_B"/>
                <entry key="column_scale" type="xdouble" value="1.058201058201058"/>
                <entry key="column_translate" type="xdouble" value="-1.5111111111111106"/>
                <entry key="column_min" type="xdouble" value="0.0"/>
                <entry key="column_max" type="xdouble" value="1.0"/>
            </config>
        </config>
        <entry key="summary" type="xstring" value="Min/Max (0.0, 1) normalization on 18 column(s)"/>
    </config>
</config>
